Sale_ID,Lead_ID,Customer_ID,Property_ID,Agent_ID,Sale_Date,Sale_Value_AED,Commission_AED
SALE-00001,LEAD-003528,CUST-003528,PROP-00066,AGT-0007,2024-06-04,2353000.0,102592.32
SALE-00002,LEAD-003216,CUST-003216,PROP-00348,AGT-0006,2024-09-16,2958000.0,110485.13
SALE-00003,LEAD-002367,CUST-002367,PROP-00324,AGT-0041,2024-12-17,1834000.0,86079.73
SALE-00004,LEAD-004715,CUST-004715,PROP-00530,AGT-0018,2026-04-17,5873000.0,118926.7
SALE-00005,LEAD-000471,CUST-000471,PROP-00110,AGT-0019,2025-06-27,1568000.0,64033.41
SALE-00006,LEAD-002062,CUST-002062,PROP-00363,AGT-0007,2024-05-29,5650000.0,211121.87
SALE-00007,LEAD-004127,CUST-004127,PROP-00467,,2026-06-11,1260000.0,37547.67
SALE-00008,LEAD-003558,CUST-003558,PROP-00162,AGT-0042,2025-10-02,3044000.0,105913.29
SALE-00009,LEAD-003071,CUST-003071,PROP-00128,AGT-0034,2026-02-10,4301000.0,132566.83
SALE-00010,LEAD-001441,CUST-001441,PROP-00186,AGT-0032,2025-03-24,2404000.0,65790.6
SALE-00011,LEAD-000079,CUST-000079,PROP-00095,AGT-0010,2025-10-18,4876000.0,103605.72
SALE-00012,LEAD-004434,CUST-004434,PROP-00100,AGT-0024,2025-04-12,1754000.0,81830.44
SALE-00013,LEAD-000146,CUST-000146,PROP-00516,AGT-0044,2024-12-14,2024000.0,89530.11
SALE-00014,LEAD-001194,CUST-001194,PROP-00412,AGT-0014,2025-05-30,9132000.0,207680.85
SALE-00015,LEAD-000214,CUST-000214,PROP-00135,AGT-0021,2025-11-10,3261000.0,152266.87
SALE-00016,LEAD-001638,CUST-001638,PROP-00395,,2024-09-12,1759000.0,39386.13
SALE-00017,LEAD-004349,CUST-004349,PROP-00078,,2025-02-09,1402000.0,64421.4
SALE-00018,LEAD-004663,CUST-004663,PROP-00113,AGT-0036,2025-02-24,1847000.0,45287.7
SALE-00019,LEAD-004011,CUST-004011,PROP-00321,AGT-0004,2024-02-23,3044000.0,87845.08
SALE-00020,LEAD-000450,CUST-000450,PROP-00370,AGT-0013,2025-11-12,1834000.0,77240.08
SALE-00021,LEAD-002448,CUST-002448,PROP-00041,AGT-0015,2025-08-25,2255000.0,69576.31
SALE-00022,LEAD-003599,CUST-003599,PROP-00234,AGT-0029,2024-03-12,4762000.0,123068.29
SALE-00023,LEAD-004037,CUST-004037,PROP-00486,AGT-0006,2026-01-03,4531000.0,219067.09
SALE-00024,LEAD-001004,CUST-001004,PROP-00320,AGT-0020,2024-06-02,644000.0,25145.63
SALE-00025,LEAD-003946,CUST-003946,PROP-00527,AGT-0028,2024-05-21,4417000.0,104186.6
SALE-00026,LEAD-004650,CUST-004650,PROP-00337,AGT-0015,2026-04-15,5647000.0,282005.22
SALE-00027,LEAD-003022,CUST-003022,PROP-00591,AGT-0045,2025-07-01,2187000.0,84398.67
SALE-00028,LEAD-000329,CUST-000329,PROP-00192,AGT-0027,2024-07-12,9441000.0,324157.86
SALE-00029,LEAD-002997,CUST-002997,PROP-00582,AGT-0023,2025-08-08,6333000.0,243707.48
SALE-00030,LEAD-002627,CUST-002627,PROP-00216,AGT-0023,2026-02-20,5339000.0,258132.71
SALE-00031,LEAD-003900,CUST-003900,PROP-00200,AGT-0012,2026-05-25,6413000.0,158319.63
SALE-00032,LEAD-002415,CUST-002415,PROP-00192,AGT-0029,2024-07-02,9747000.0,305826.01
SALE-00033,LEAD-004418,CUST-004418,PROP-00415,AGT-0012,2025-07-26,2853000.0,91127.18
SALE-00034,LEAD-004809,CUST-004809,PROP-00221,AGT-0002,2025-11-02,2455000.0,86721.73
SALE-00035,LEAD-002398,CUST-002398,PROP-00302,AGT-0019,2024-09-05,1250000.0,60800.44
SALE-00036,LEAD-001562,CUST-001562,PROP-00103,AGT-0004,2025-10-05,1311000.0,62017.76
SALE-00037,LEAD-002462,CUST-002462,PROP-00317,AGT-0008,2025-12-05,619000.0,20977.64
SALE-00038,LEAD-000701,CUST-000701,PROP-00191,AGT-0036,2025-02-07,1236000.0,61196.85
SALE-00039,LEAD-003962,CUST-003962,PROP-00316,AGT-0039,2025-03-21,1838000.0,53343.45
SALE-00040,LEAD-001966,CUST-001966,PROP-00522,AGT-0032,2024-08-18,1521000.0,59673.86
SALE-00041,LEAD-004120,CUST-004120,PROP-00023,AGT-0023,2024-10-07,2202000.0,48318.19
SALE-00042,LEAD-003038,CUST-003038,PROP-00219,AGT-0005,2024-07-03,1807000.0,58755.45
SALE-00043,LEAD-002535,CUST-002535,PROP-00103,AGT-0044,2025-05-08,1385000.0,63924.69
SALE-00044,LEAD-002426,CUST-002426,PROP-00332,AGT-0017,2024-08-28,1570000.0,77758.51
SALE-00045,LEAD-000961,CUST-000961,PROP-00094,AGT-0009,2025-12-23,4760000.0,202813.08
SALE-00046,LEAD-004315,CUST-004315,PROP-00372,AGT-0008,2025-06-22,1874000.0,59356.8
SALE-00047,LEAD-004300,CUST-004300,PROP-00170,AGT-0010,2026-02-11,1481000.0,63318.37
SALE-00048,LEAD-000563,CUST-000563,PROP-00527,AGT-0018,2025-04-27,4347000.0,130052.61
SALE-00049,LEAD-001060,CUST-001060,PROP-00119,AGT-0018,2024-07-20,4832000.0,240216.2
SALE-00050,LEAD-002858,CUST-002858,PROP-00071,AGT-0022,2025-04-01,1539000.0,38626.45
SALE-00051,LEAD-002001,CUST-002001,PROP-00426,AGT-0030,2026-05-01,2005000.0,51956.23
SALE-00052,LEAD-000986,CUST-000986,PROP-00246,AGT-0006,2024-12-02,1914000.0,45899.56
SALE-00053,LEAD-000184,CUST-000184,PROP-00434,AGT-0001,2025-12-03,4031000.0,143245.9
SALE-00054,LEAD-002750,CUST-002750,PROP-00204,AGT-0038,2025-02-10,1438000.0,31253.82
SALE-00055,LEAD-004708,CUST-004708,PROP-00504,AGT-0036,2024-06-30,2237000.0,109727.12
SALE-00056,LEAD-000799,CUST-000799,PROP-00193,AGT-0022,2026-04-02,4948000.0,99509.06
SALE-00057,LEAD-004381,CUST-004381,PROP-00587,AGT-0004,2024-12-22,2730000.0,63108.78
SALE-00058,LEAD-003539,CUST-003539,PROP-00581,AGT-0010,2025-06-14,1390000.0,50746.48
SALE-00059,LEAD-000709,CUST-000709,PROP-00422,AGT-0041,2026-04-03,1545000.0,45282.84
SALE-00060,LEAD-000916,CUST-000916,PROP-00557,AGT-0006,2024-12-27,2067000.0,84250.8
SALE-00061,LEAD-003093,CUST-003093,PROP-00518,AGT-0019,2024-06-27,1785000.0,45039.76
SALE-00062,LEAD-003816,CUST-003816,PROP-00067,AGT-0019,2024-09-15,1454000.0,34545.43
SALE-00063,LEAD-001424,CUST-001424,PROP-00317,AGT-0026,2024-10-19,583000.0,18300.97
SALE-00064,LEAD-001119,CUST-001119,PROP-00075,AGT-0038,2026-02-20,4677000.0,222546.23
SALE-00065,LEAD-003661,CUST-003661,PROP-00369,AGT-0018,2025-01-12,2738000.0,100446.19
SALE-00066,LEAD-003330,CUST-003330,PROP-00089,AGT-0026,2024-11-14,876000.0,39742.42
SALE-00067,LEAD-001689,CUST-001689,PROP-00050,,2026-04-14,1458000.0,58754.25
SALE-00068,LEAD-004087,CUST-004087,PROP-00545,AGT-0032,2024-10-16,2703000.0,119186.32
SALE-00069,LEAD-000432,CUST-000432,PROP-00590,AGT-0022,2024-07-31,715000.0,17116.97
SALE-00070,LEAD-004594,CUST-004594,PROP-00229,AGT-0036,2025-01-27,1185000.0,36003.91
SALE-00071,LEAD-000665,CUST-000665,PROP-00174,AGT-0026,2026-05-21,2330000.0,92966.98
SALE-00072,LEAD-003565,CUST-003565,PROP-00124,AGT-0026,2025-06-30,1145000.0,49046.0
SALE-00073,LEAD-001539,CUST-001539,PROP-00171,AGT-0039,2025-05-19,2827000.0,128401.86
SALE-00074,LEAD-003788,CUST-003788,PROP-00499,AGT-0032,2024-12-26,2042000.0,79581.27
SALE-00075,LEAD-001329,CUST-001329,PROP-00506,AGT-0034,2025-07-29,2253000.0,68295.96
SALE-00076,LEAD-003277,CUST-003277,PROP-00283,AGT-0038,2025-05-06,1578000.0,72337.46
SALE-00077,LEAD-004318,CUST-004318,PROP-00405,AGT-0015,2024-10-02,1689000.0,42187.59
SALE-00078,LEAD-000761,CUST-000761,PROP-00230,AGT-0045,2025-07-11,1785000.0,88497.29
SALE-00079,LEAD-004932,CUST-004932,PROP-00428,AGT-0039,2025-06-16,1760000.0,60437.12
SALE-00080,LEAD-001791,CUST-001791,PROP-00569,AGT-0016,2024-09-19,7556000.0,178296.79
SALE-00081,LEAD-003341,CUST-003341,PROP-00201,AGT-0045,2025-06-20,2145000.0,95691.35
SALE-00082,LEAD-002334,CUST-002334,PROP-00043,AGT-0031,2025-12-26,2226000.0,76381.64
SALE-00083,LEAD-000652,CUST-000652,PROP-00488,AGT-0043,2026-06-10,2416000.0,64913.26
SALE-00084,LEAD-004507,CUST-004507,PROP-00471,AGT-0011,2025-04-18,5758000.0,224437.26
SALE-00085,LEAD-001164,CUST-001164,PROP-00327,AGT-0022,2026-05-17,1482000.0,70138.52
SALE-00086,LEAD-001733,CUST-001733,PROP-00329,AGT-0002,2025-06-29,5680000.0,203363.84
SALE-00087,LEAD-003127,CUST-003127,PROP-00033,AGT-0026,2026-03-20,2752000.0,130362.17
SALE-00088,LEAD-000007,CUST-000007,PROP-00281,AGT-0013,2026-01-09,5533000.0,169150.72
SALE-00089,LEAD-002601,CUST-002601,PROP-00515,AGT-0020,2024-10-24,1380000.0,30918.61
SALE-00090,LEAD-004872,CUST-004872,PROP-00518,AGT-0038,2025-12-25,1880000.0,81774.95
SALE-00091,LEAD-002576,CUST-002576,PROP-00008,AGT-0009,2026-06-29,756000.0,30572.71
SALE-00092,LEAD-001722,CUST-001722,PROP-00548,AGT-0015,2024-10-18,1597000.0,41624.63
SALE-00093,LEAD-002859,CUST-002859,PROP-00220,AGT-0020,2024-12-01,4998000.0,139971.29
SALE-00094,LEAD-002100,CUST-002100,PROP-00586,AGT-0018,2025-04-10,5713000.0,169684.59
SALE-00095,LEAD-003026,CUST-003026,PROP-00416,AGT-0039,2026-01-22,673000.0,26910.64
SALE-00096,LEAD-001128,CUST-001128,PROP-00148,AGT-0038,2025-03-09,4525000.0,193342.34
SALE-00097,LEAD-002887,CUST-002887,PROP-00504,AGT-0042,2025-03-12,2306000.0,113464.55
SALE-00098,LEAD-004212,CUST-004212,PROP-00289,AGT-0031,2025-07-31,1162000.0,55381.34
SALE-00099,LEAD-000232,CUST-000232,PROP-00265,AGT-0014,2025-11-24,2677000.0,92982.45
SALE-00100,LEAD-004918,CUST-004918,PROP-00086,AGT-0003,2026-02-25,1976000.0,60115.22
SALE-00101,LEAD-004697,CUST-004697,PROP-00374,AGT-0034,2026-05-23,1481000.0,42354.15
SALE-00102,LEAD-002624,CUST-002624,PROP-00416,AGT-0028,2025-09-24,678000.0,13620.63
SALE-00103,LEAD-001700,CUST-001700,PROP-00258,AGT-0022,2025-05-09,9810000.0,243434.53
SALE-00104,LEAD-003002,CUST-003002,PROP-00223,AGT-0019,2025-01-18,2092000.0,63427.17
SALE-00105,LEAD-000743,CUST-000743,PROP-00422,,2026-06-01,1610000.0,32910.67
SALE-00106,LEAD-000933,CUST-000933,PROP-00020,AGT-0004,2024-04-07,845000.0,17438.86
SALE-00107,LEAD-000808,CUST-000808,PROP-00511,,2025-02-03,1543000.0,41943.58
SALE-00108,LEAD-004430,CUST-004430,PROP-00358,AGT-0013,2024-06-26,2446000.0,113093.05
SALE-00109,LEAD-000585,CUST-000585,PROP-00369,AGT-0019,2025-11-25,2559000.0,91329.38
SALE-00110,LEAD-000379,CUST-000379,PROP-00168,AGT-0014,2024-12-14,2129000.0,55131.63
SALE-00111,LEAD-000668,CUST-000668,PROP-00205,AGT-0018,2025-07-23,6208000.0,282990.18
SALE-00112,LEAD-001087,CUST-001087,PROP-00582,AGT-0031,2025-01-30,6202000.0,256781.08
SALE-00113,LEAD-001803,CUST-001803,PROP-00278,AGT-0035,2025-09-22,4615000.0,223485.68
SALE-00114,LEAD-004712,CUST-004712,PROP-00564,AGT-0005,2025-01-04,1869000.0,39542.73
SALE-00115,LEAD-004076,CUST-004076,PROP-00292,,2026-03-18,2656000.0,80511.67
SALE-00116,LEAD-002986,CUST-002986,PROP-00550,AGT-0017,2024-11-21,1421000.0,50533.8
SALE-00117,LEAD-000157,CUST-000157,PROP-00118,AGT-0006,2025-09-11,1644000.0,33432.93
SALE-00118,LEAD-002707,CUST-002707,PROP-00546,AGT-0028,2026-03-07,1563000.0,45085.94
SALE-00119,LEAD-002186,CUST-002186,PROP-00137,AGT-0043,2024-05-28,1640000.0,36813.48
SALE-00120,LEAD-003310,CUST-003310,PROP-00497,AGT-0043,2026-03-05,664000.0,21818.35
SALE-00121,LEAD-000514,CUST-000514,PROP-00338,AGT-0001,2025-06-28,9520000.0,227238.79
SALE-00122,LEAD-000918,CUST-000918,PROP-00540,AGT-0028,2024-05-20,2812000.0,93208.02
SALE-00123,LEAD-000088,CUST-000088,PROP-00486,AGT-0019,2025-11-08,4661000.0,96737.3
SALE-00124,LEAD-003396,CUST-003396,PROP-00068,AGT-0012,2026-03-13,5750000.0,265584.54
SALE-00125,LEAD-000076,CUST-000076,PROP-00141,AGT-0045,2025-09-18,5891000.0,181962.17
SALE-00126,LEAD-002746,CUST-002746,PROP-00468,AGT-0004,2026-03-08,796000.0,21479.11
SALE-00127,LEAD-001431,CUST-001431,PROP-00079,AGT-0045,2025-02-16,2226000.0,73386.95
SALE-00128,LEAD-004160,CUST-004160,PROP-00379,AGT-0002,2024-12-19,10962000.0,324439.46
SALE-00129,LEAD-004075,CUST-004075,PROP-00130,AGT-0004,2026-01-15,2101000.0,88538.63
SALE-00130,LEAD-001985,CUST-001985,PROP-00108,AGT-0002,2024-09-10,1950000.0,75248.31
SALE-00131,LEAD-002985,CUST-002985,PROP-00218,AGT-0016,2026-06-13,1324000.0,31570.3
SALE-00132,LEAD-003401,CUST-003401,PROP-00269,AGT-0042,2025-12-31,2123000.0,54394.88
SALE-00133,LEAD-003710,CUST-003710,PROP-00557,AGT-0029,2026-02-18,2038000.0,52273.13
SALE-00134,LEAD-004513,CUST-004513,PROP-00407,AGT-0020,2024-11-17,8227000.0,285649.61
SALE-00135,LEAD-002668,CUST-002668,PROP-00032,AGT-0023,2025-08-24,1679000.0,60042.65
SALE-00136,LEAD-000869,CUST-000869,PROP-00102,AGT-0009,2026-02-26,1270000.0,37231.56
SALE-00137,LEAD-003339,CUST-003339,PROP-00205,AGT-0021,2024-06-19,5907000.0,225353.0
SALE-00138,LEAD-004154,CUST-004154,PROP-00400,AGT-0019,2025-03-30,5521000.0,111648.05
SALE-00139,LEAD-000071,CUST-000071,PROP-00137,AGT-0017,2026-02-12,1561000.0,47869.72
SALE-00140,LEAD-004629,CUST-004629,PROP-00234,AGT-0026,2024-09-07,4640000.0,189706.7
SALE-00141,LEAD-000941,CUST-000941,PROP-00588,AGT-0020,2024-05-08,1893000.0,42538.97
SALE-00142,LEAD-002918,CUST-002918,PROP-00229,AGT-0040,2026-04-26,1191000.0,40557.85
SALE-00143,LEAD-002316,CUST-002316,PROP-00364,,2026-02-21,869000.0,22204.01
SALE-00144,LEAD-002161,CUST-002161,PROP-00203,AGT-0005,2025-08-31,1825000.0,89648.62
SALE-00145,LEAD-002359,CUST-002359,PROP-00452,AGT-0013,2025-11-22,2724000.0,70252.42
SALE-00146,LEAD-004030,CUST-004030,PROP-00504,AGT-0030,2025-01-06,2161000.0,62064.2
SALE-00147,LEAD-003989,CUST-003989,PROP-00429,AGT-0041,2024-05-20,1615000.0,34284.07
SALE-00148,LEAD-004333,CUST-004333,PROP-00464,AGT-0017,2025-09-22,1577000.0,71957.19
SALE-00149,LEAD-004316,CUST-004316,PROP-00194,AGT-0041,2025-01-12,575000.0,25064.38
SALE-00150,LEAD-000029,CUST-000029,PROP-00572,AGT-0017,2024-07-09,2986000.0,140318.98
SALE-00151,LEAD-001934,CUST-001934,PROP-00568,AGT-0028,2025-10-23,1772000.0,36279.41
SALE-00152,LEAD-001963,CUST-001963,PROP-00177,AGT-0013,2024-12-01,2394000.0,51265.26
SALE-00153,LEAD-002687,CUST-002687,PROP-00189,AGT-0038,2025-10-24,761000.0,21999.01
SALE-00154,LEAD-002054,CUST-002054,PROP-00146,AGT-0042,2024-05-14,1965000.0,52276.88
SALE-00155,LEAD-002092,CUST-002092,PROP-00565,AGT-0015,2025-04-14,3532000.0,128715.0
SALE-00156,LEAD-000151,CUST-000151,PROP-00401,AGT-0013,2025-05-25,4939000.0,186575.03
SALE-00157,LEAD-001671,CUST-001671,PROP-00440,AGT-0037,2025-01-04,9920000.0,477167.51
SALE-00158,LEAD-003444,CUST-003444,PROP-00150,AGT-0032,2024-07-18,1826000.0,54335.79
SALE-00159,LEAD-003739,CUST-003739,PROP-00071,AGT-0028,2025-08-10,1587000.0,77115.62
SALE-00160,LEAD-003587,CUST-003587,PROP-00590,AGT-0041,2026-01-20,747000.0,31758.39
SALE-00161,LEAD-003364,CUST-003364,PROP-00293,AGT-0044,2026-05-07,1100000.0,25136.84
SALE-00162,LEAD-004834,CUST-004834,PROP-00087,AGT-0044,2026-01-24,8132000.0,317322.41
SALE-00163,LEAD-001919,CUST-001919,PROP-00080,AGT-0043,2025-05-24,574000.0,18803.59
SALE-00164,LEAD-004946,CUST-004946,PROP-00318,AGT-0011,2025-01-17,1728000.0,54474.45
SALE-00165,LEAD-004756,CUST-004756,PROP-00379,AGT-0043,2026-03-05,10685000.0,339455.67
SALE-00166,LEAD-004093,CUST-004093,PROP-00051,AGT-0041,2025-01-25,460000.0,19604.01
SALE-00167,LEAD-003629,CUST-003629,PROP-00380,AGT-0040,2024-03-26,1873000.0,81517.02
SALE-00168,LEAD-000421,CUST-000421,PROP-00584,,2024-12-25,1931000.0,40468.71
SALE-00169,LEAD-003520,CUST-003520,PROP-00364,AGT-0040,2024-10-14,870000.0,30656.8
SALE-00170,LEAD-000099,CUST-000099,PROP-00005,AGT-0027,2024-10-30,1786000.0,37085.83
SALE-00171,LEAD-002993,CUST-002993,PROP-00569,AGT-0027,2025-10-23,7690000.0,356565.12
SALE-00172,LEAD-002463,CUST-002463,PROP-00477,AGT-0029,2026-05-28,3209000.0,79229.84
SALE-00173,LEAD-002036,CUST-002036,PROP-00346,AGT-0002,2025-06-21,1726000.0,44165.12
SALE-00174,LEAD-001832,CUST-001832,PROP-00371,AGT-0032,2025-09-16,2120000.0,94487.23
SALE-00175,LEAD-002119,CUST-002119,PROP-00239,AGT-0002,2024-06-13,2124000.0,80664.36
SALE-00176,LEAD-003836,CUST-003836,PROP-00274,,2025-08-16,1664000.0,38027.28
SALE-00177,LEAD-000020,CUST-000020,PROP-00238,AGT-0022,2024-05-20,442000.0,17131.88
SALE-00178,LEAD-000892,CUST-000892,PROP-00336,AGT-0001,2024-08-23,2584000.0,74790.34
SALE-00179,LEAD-004632,CUST-004632,PROP-00172,AGT-0035,2025-01-31,826000.0,31363.45
SALE-00180,LEAD-000702,CUST-000702,PROP-00489,AGT-0043,2024-06-30,461000.0,18943.75
SALE-00181,LEAD-002533,CUST-002533,PROP-00497,AGT-0001,2026-04-16,684000.0,27807.25
SALE-00182,LEAD-004243,CUST-004243,PROP-00525,AGT-0030,2025-02-23,7607000.0,187183.25
SALE-00183,LEAD-003479,CUST-003479,PROP-00064,AGT-0025,2026-01-27,2186000.0,60408.43
SALE-00184,LEAD-000488,CUST-000488,PROP-00017,AGT-0004,2025-07-06,2314000.0,105824.54
SALE-00185,LEAD-001282,CUST-001282,PROP-00567,AGT-0042,2024-08-31,2071000.0,60585.83
SALE-00186,LEAD-003666,CUST-003666,PROP-00169,,2025-12-04,799000.0,21485.93
SALE-00187,LEAD-003842,CUST-003842,PROP-00461,AGT-0029,2026-06-20,1496000.0,41936.36
SALE-00188,LEAD-003387,CUST-003387,PROP-00478,AGT-0002,2025-01-16,735000.0,32690.95
SALE-00189,LEAD-002747,CUST-002747,PROP-00444,,2024-05-26,1368000.0,60265.32
SALE-00190,LEAD-003637,CUST-003637,PROP-00255,AGT-0001,2026-06-10,2390000.0,93008.22
SALE-00191,LEAD-000659,CUST-000659,PROP-00046,AGT-0043,2024-12-26,1058000.0,47234.32
SALE-00192,LEAD-002259,CUST-002259,PROP-00048,,2026-04-26,673000.0,17308.16
SALE-00193,LEAD-004978,CUST-004978,PROP-00374,AGT-0023,2025-03-04,1506000.0,52406.09
SALE-00194,LEAD-003156,CUST-003156,PROP-00239,AGT-0020,2026-04-22,2153000.0,43705.3
SALE-00195,LEAD-002757,CUST-002757,PROP-00041,AGT-0032,2024-03-01,2171000.0,54598.96
SALE-00196,LEAD-004293,CUST-004293,PROP-00189,AGT-0040,2025-04-11,773000.0,36405.32
SALE-00197,LEAD-003066,CUST-003066,PROP-00024,AGT-0037,2025-09-21,1612000.0,61953.26
SALE-00198,LEAD-003405,CUST-003405,PROP-00096,AGT-0023,2025-04-22,1642000.0,34219.47
SALE-00199,LEAD-000063,CUST-000063,PROP-00086,AGT-0002,2025-03-07,1894000.0,53665.7
SALE-00200,LEAD-002020,CUST-002020,PROP-00413,AGT-0042,2026-03-17,5606000.0,210890.03
SALE-00201,LEAD-004053,CUST-004053,PROP-00047,AGT-0014,2024-04-03,2968000.0,61203.45
SALE-00202,LEAD-000013,CUST-000013,PROP-00058,AGT-0022,2024-09-03,2660000.0,71521.93
SALE-00203,LEAD-004603,CUST-004603,PROP-00036,,2025-05-26,638000.0,15597.44
SALE-00204,LEAD-004670,CUST-004670,PROP-00178,AGT-0037,2026-04-30,516000.0,10349.52
SALE-00205,LEAD-003555,CUST-003555,PROP-00561,AGT-0023,2025-12-15,556000.0,17117.14
SALE-00206,LEAD-003315,CUST-003315,PROP-00320,AGT-0007,2024-08-04,612000.0,15033.76
SALE-00207,LEAD-003642,CUST-003642,PROP-00279,AGT-0016,2026-01-27,802000.0,39210.32
SALE-00208,LEAD-004542,CUST-004542,PROP-00124,AGT-0022,2025-04-03,1113000.0,47042.71
SALE-00209,LEAD-001385,CUST-001385,PROP-00046,AGT-0030,2025-11-10,1034000.0,42218.5
SALE-00210,LEAD-001345,CUST-001345,PROP-00480,AGT-0007,2026-03-24,3083000.0,120472.36
SALE-00211,LEAD-004305,CUST-004305,PROP-00405,AGT-0039,2026-05-05,1824000.0,71534.66
SALE-00212,LEAD-002963,CUST-002963,PROP-00312,AGT-0015,2024-06-23,1938000.0,66698.59
SALE-00213,LEAD-004999,CUST-004999,PROP-00376,AGT-0036,2025-01-14,1722000.0,36534.04
SALE-00214,LEAD-000137,CUST-000137,PROP-00397,AGT-0003,2026-02-05,1240000.0,28246.07
SALE-00215,LEAD-003695,CUST-003695,PROP-00320,AGT-0008,2024-05-04,610000.0,19378.3
SALE-00216,LEAD-001716,CUST-001716,PROP-00370,AGT-0007,2025-01-14,1776000.0,39743.18
SALE-00217,LEAD-003548,CUST-003548,PROP-00088,,2024-11-19,2176000.0,47162.56
SALE-00218,LEAD-000604,CUST-000604,PROP-00277,AGT-0030,2025-05-18,6039000.0,274311.85
SALE-00219,LEAD-003644,CUST-003644,PROP-00301,AGT-0013,2026-03-14,3505000.0,102796.4
SALE-00220,LEAD-001894,CUST-001894,PROP-00417,AGT-0016,2024-05-06,1572000.0,73135.01
SALE-00221,LEAD-004901,CUST-004901,PROP-00129,AGT-0032,2024-03-11,5069000.0,129090.56
SALE-00222,LEAD-001032,CUST-001032,PROP-00211,AGT-0027,2024-06-17,2248000.0,83609.75
SALE-00223,LEAD-000199,CUST-000199,PROP-00045,AGT-0041,2024-12-11,2177000.0,82589.48
SALE-00224,LEAD-001114,CUST-001114,PROP-00599,AGT-0006,2026-01-20,685000.0,22540.97
SALE-00225,LEAD-002254,CUST-002254,PROP-00083,AGT-0013,2024-06-28,5186000.0,154330.24
SALE-00226,LEAD-001400,CUST-001400,PROP-00061,AGT-0007,2025-08-09,2270000.0,72219.99
SALE-00227,LEAD-003295,CUST-003295,PROP-00110,AGT-0014,2025-06-10,1551000.0,71745.24
SALE-00228,LEAD-000950,CUST-000950,PROP-00433,AGT-0008,2026-05-09,4553000.0,186920.61
SALE-00229,LEAD-001701,CUST-001701,PROP-00157,AGT-0002,2025-10-22,583000.0,13652.98
SALE-00230,LEAD-001697,CUST-001697,PROP-00136,AGT-0012,2026-05-22,5166000.0,187827.32
SALE-00231,LEAD-003409,CUST-003409,PROP-00258,AGT-0017,2024-03-01,9489000.0,235206.32
SALE-00232,LEAD-002528,CUST-002528,PROP-00332,AGT-0032,2026-01-11,1580000.0,65627.82
SALE-00233,LEAD-003862,CUST-003862,PROP-00095,AGT-0030,2025-03-26,4808000.0,154760.32
SALE-00234,LEAD-000197,CUST-000197,PROP-00128,AGT-0025,2024-04-09,4086000.0,146083.24
SALE-00235,LEAD-000025,CUST-000025,PROP-00563,AGT-0033,2026-05-24,9170000.0,244061.97
SALE-00236,LEAD-001365,CUST-001365,PROP-00349,AGT-0037,2024-04-20,1523000.0,54168.39
SALE-00237,LEAD-004730,CUST-004730,PROP-00417,AGT-0045,2024-07-21,1551000.0,56509.56
SALE-00238,LEAD-000721,CUST-000721,PROP-00528,AGT-0013,2024-05-09,1664000.0,76951.21
SALE-00239,LEAD-000796,CUST-000796,PROP-00190,AGT-0012,2026-04-17,5613000.0,124978.47
SALE-00240,LEAD-002221,CUST-002221,PROP-00423,AGT-0010,2024-11-19,2384000.0,97184.7
SALE-00241,LEAD-004580,CUST-004580,PROP-00218,AGT-0017,2025-03-04,1367000.0,43443.99
SALE-00242,LEAD-002470,CUST-002470,PROP-00495,AGT-0005,2025-12-01,2731000.0,77746.98
SALE-00243,LEAD-000888,CUST-000888,PROP-00107,AGT-0003,2025-10-14,2567000.0,99795.29
SALE-00244,LEAD-004476,CUST-004476,PROP-00077,AGT-0008,2025-05-17,458000.0,10145.19
SALE-00245,LEAD-002622,CUST-002622,PROP-00124,AGT-0011,2026-03-29,1158000.0,25671.6
SALE-00246,LEAD-003904,CUST-003904,PROP-00019,AGT-0040,2024-05-21,10546000.0,296437.41
SALE-00247,LEAD-003514,CUST-003514,PROP-00408,,2025-01-10,451000.0,12545.45
SALE-00248,LEAD-003213,CUST-003213,PROP-00050,AGT-0016,2024-05-30,1422000.0,66841.99
SALE-00249,LEAD-001372,CUST-001372,PROP-00253,AGT-0030,2024-08-22,1834000.0,47204.03
SALE-00250,LEAD-002595,CUST-002595,PROP-00590,AGT-0044,2026-04-06,713000.0,31148.75
SALE-00251,LEAD-001952,CUST-001952,PROP-00207,AGT-0006,2024-03-09,1052000.0,50293.72
SALE-00252,LEAD-001461,CUST-001461,PROP-00067,AGT-0004,2025-05-10,1476000.0,55564.0
SALE-00253,LEAD-003076,CUST-003076,PROP-00220,AGT-0026,2025-06-22,4918000.0,216922.43
SALE-00254,LEAD-002728,CUST-002728,PROP-00155,AGT-0031,2025-01-05,5299000.0,106563.3
SALE-00255,LEAD-000593,CUST-000593,PROP-00205,AGT-0033,2024-11-25,6082000.0,255743.91
SALE-00256,LEAD-000613,CUST-000613,PROP-00434,AGT-0014,2025-03-27,3944000.0,157660.4
SALE-00257,LEAD-000355,CUST-000355,PROP-00281,AGT-0043,2025-03-24,5375000.0,234126.79
SALE-00258,LEAD-002732,CUST-002732,PROP-00121,AGT-0036,2024-11-03,9405000.0,296627.25
SALE-00259,LEAD-001727,CUST-001727,PROP-00458,AGT-0027,2025-10-19,575000.0,18081.06
SALE-00260,LEAD-001602,CUST-001602,PROP-00089,AGT-0028,2025-03-25,866000.0,35554.52
SALE-00261,LEAD-004454,CUST-004454,PROP-00255,AGT-0038,2024-12-22,2394000.0,67122.17
SALE-00262,LEAD-000692,CUST-000692,PROP-00115,,2024-02-25,4720000.0,218728.1
SALE-00263,LEAD-002883,CUST-002883,PROP-00448,AGT-0018,2025-06-17,2253000.0,62814.3
SALE-00264,LEAD-000126,CUST-000126,PROP-00389,AGT-0045,2026-01-26,5689000.0,212017.27
SALE-00265,LEAD-003837,CUST-003837,PROP-00020,AGT-0022,2026-06-22,857000.0,22324.91
SALE-00266,LEAD-001719,CUST-001719,PROP-00557,AGT-0016,2026-03-08,2027000.0,70889.44
SALE-00267,LEAD-003903,CUST-003903,PROP-00249,AGT-0031,2025-05-12,1600000.0,62040.02
SALE-00268,LEAD-000508,CUST-000508,PROP-00514,AGT-0043,2024-09-01,673000.0,15119.47
SALE-00269,LEAD-001169,CUST-001169,PROP-00473,AGT-0029,2026-05-10,736000.0,18733.75
SALE-00270,LEAD-002633,CUST-002633,PROP-00046,AGT-0043,2025-05-02,1034000.0,25245.28
SALE-00271,LEAD-004609,CUST-004609,PROP-00156,AGT-0004,2024-08-06,1076000.0,26504.94
SALE-00272,LEAD-004738,CUST-004738,PROP-00159,AGT-0036,2025-11-28,656000.0,19041.36
SALE-00273,LEAD-004379,CUST-004379,PROP-00376,AGT-0021,2025-07-28,1627000.0,43899.95
SALE-00274,LEAD-004114,CUST-004114,PROP-00482,AGT-0024,2026-04-21,1542000.0,50626.98
SALE-00275,LEAD-003754,CUST-003754,PROP-00034,AGT-0008,2024-09-17,1358000.0,33492.89
SALE-00276,LEAD-000462,CUST-000462,PROP-00374,AGT-0019,2025-05-17,1399000.0,31058.97
SALE-00277,LEAD-000179,CUST-000179,PROP-00411,AGT-0028,2025-05-02,5954000.0,216073.0
SALE-00278,LEAD-001068,CUST-001068,PROP-00136,AGT-0016,2026-02-05,5304000.0,187231.25
SALE-00279,LEAD-000119,CUST-000119,PROP-00575,AGT-0010,2025-02-18,2021000.0,92932.04
SALE-00280,LEAD-004461,CUST-004461,PROP-00369,AGT-0022,2026-03-29,2559000.0,95444.04
SALE-00281,LEAD-000277,CUST-000277,PROP-00171,AGT-0014,2025-04-27,2833000.0,108564.9
SALE-00282,LEAD-003824,CUST-003824,PROP-00238,AGT-0024,2024-07-16,451000.0,18025.84
SALE-00283,LEAD-003977,CUST-003977,PROP-00102,,2025-01-31,1274000.0,41928.97
SALE-00284,LEAD-001741,CUST-001741,PROP-00083,AGT-0036,2024-08-04,5369000.0,124685.45
SALE-00285,LEAD-002713,CUST-002713,PROP-00078,AGT-0024,2024-11-03,1359000.0,30861.26
SALE-00286,LEAD-002709,CUST-002709,PROP-00479,AGT-0031,2025-11-06,6188000.0,159530.45
SALE-00287,LEAD-000136,CUST-000136,PROP-00462,AGT-0040,2026-04-06,1455000.0,41010.84
SALE-00288,LEAD-003122,CUST-003122,PROP-00403,AGT-0028,2024-09-19,1379000.0,43589.68
SALE-00289,LEAD-003347,CUST-003347,PROP-00388,AGT-0005,2024-07-02,3132000.0,152315.35
SALE-00290,LEAD-004544,CUST-004544,PROP-00362,AGT-0021,2024-05-07,766000.0,30803.69
SALE-00291,LEAD-000215,CUST-000215,PROP-00090,AGT-0008,2024-07-13,6050000.0,170438.96
SALE-00292,LEAD-000253,CUST-000253,PROP-00541,,2025-01-19,5005000.0,121844.19
SALE-00293,LEAD-004548,CUST-004548,PROP-00474,AGT-0041,2026-01-09,1761000.0,68913.68
SALE-00294,LEAD-004038,CUST-004038,PROP-00002,AGT-0012,2024-03-25,2631000.0,53339.73
SALE-00295,LEAD-004776,CUST-004776,PROP-00335,AGT-0029,2024-05-30,2107000.0,46352.58
SALE-00296,LEAD-000908,CUST-000908,PROP-00079,AGT-0031,2024-05-15,2357000.0,90129.55
SALE-00297,LEAD-002371,CUST-002371,PROP-00217,AGT-0028,2026-04-10,1794000.0,40014.09
SALE-00298,LEAD-000279,CUST-000279,PROP-00079,,2026-05-12,2281000.0,95562.81
SALE-00299,LEAD-001464,CUST-001464,PROP-00229,AGT-0002,2025-05-01,1146000.0,33892.09
SALE-00300,LEAD-002424,CUST-002424,PROP-00256,AGT-0041,2024-08-02,7994000.0,398330.81
SALE-00301,LEAD-004074,CUST-004074,PROP-00134,AGT-0045,2025-01-14,4314000.0,134707.72
SALE-00302,LEAD-003035,CUST-003035,PROP-00547,AGT-0044,2026-06-22,729000.0,35124.84
SALE-00303,LEAD-004249,CUST-004249,PROP-00276,AGT-0034,2026-03-21,2495000.0,92886.28
SALE-00304,LEAD-003819,CUST-003819,PROP-00098,AGT-0030,2024-04-15,3164000.0,81573.2
SALE-00305,LEAD-003775,CUST-003775,PROP-00087,AGT-0021,2024-09-20,8483000.0,228043.51
SALE-00306,LEAD-000382,CUST-000382,PROP-00476,AGT-0012,2026-03-07,2162000.0,45844.43
SALE-00307,LEAD-002889,CUST-002889,PROP-00301,AGT-0016,2024-09-13,3516000.0,125219.84
SALE-00308,LEAD-003087,CUST-003087,PROP-00172,AGT-0017,2026-03-13,809000.0,38728.11
SALE-00309,LEAD-001979,CUST-001979,PROP-00524,AGT-0037,2025-04-28,2115000.0,94186.98
SALE-00310,LEAD-003617,CUST-003617,PROP-00090,AGT-0027,2024-08-17,5907000.0,142849.76
SALE-00311,LEAD-002453,CUST-002453,PROP-00394,AGT-0012,2026-01-12,1784000.0,68084.9
SALE-00312,LEAD-001618,CUST-001618,PROP-00264,AGT-0045,2025-08-11,2707000.0,86689.17
SALE-00313,LEAD-000140,CUST-000140,PROP-00568,AGT-0021,2024-07-24,1843000.0,55746.13
SALE-00314,LEAD-003351,CUST-003351,PROP-00026,AGT-0018,2025-02-10,1607000.0,70326.58
SALE-00315,LEAD-002180,CUST-002180,PROP-00092,AGT-0042,2024-12-30,3415000.0,112785.66
SALE-00316,LEAD-000394,CUST-000394,PROP-00504,AGT-0042,2025-05-24,2261000.0,112272.56
SALE-00317,LEAD-004874,CUST-004874,PROP-00321,AGT-0044,2025-09-01,2895000.0,134039.36
SALE-00318,LEAD-002959,CUST-002959,PROP-00232,AGT-0028,2025-03-01,3427000.0,128740.91
SALE-00319,LEAD-001523,CUST-001523,PROP-00347,AGT-0009,2025-04-27,2438000.0,70660.66
SALE-00320,LEAD-003250,CUST-003250,PROP-00501,AGT-0037,2025-10-01,2313000.0,51839.62
SALE-00321,LEAD-000984,CUST-000984,PROP-00197,AGT-0041,2026-06-04,5681000.0,146765.64
SALE-00322,LEAD-001622,CUST-001622,PROP-00592,AGT-0014,2024-07-16,1286000.0,36208.62
SALE-00323,LEAD-001381,CUST-001381,PROP-00089,AGT-0001,2025-10-01,864000.0,21697.85
SALE-00324,LEAD-000667,CUST-000667,PROP-00112,AGT-0013,2026-02-14,1857000.0,51385.46
SALE-00325,LEAD-003279,CUST-003279,PROP-00442,AGT-0029,2024-07-12,2446000.0,110605.39
SALE-00326,LEAD-003426,CUST-003426,PROP-00201,AGT-0022,2024-08-04,2135000.0,64270.8
SALE-00327,LEAD-004921,CUST-004921,PROP-00456,AGT-0015,2026-04-08,862000.0,19875.14
SALE-00328,LEAD-004423,CUST-004423,PROP-00480,AGT-0040,2026-01-04,3239000.0,66705.04
SALE-00329,LEAD-002442,CUST-002442,PROP-00341,AGT-0013,2024-12-19,1279000.0,29775.69
SALE-00330,LEAD-002785,CUST-002785,PROP-00378,AGT-0010,2024-06-20,2240000.0,67647.8
SALE-00331,LEAD-001456,CUST-001456,PROP-00493,AGT-0029,2025-08-19,781000.0,18219.32
SALE-00332,LEAD-003733,CUST-003733,PROP-00055,AGT-0017,2025-09-14,2744000.0,89239.54
SALE-00333,LEAD-002767,CUST-002767,PROP-00144,AGT-0036,2025-07-06,4785000.0,228582.62
SALE-00334,LEAD-000731,CUST-000731,PROP-00485,AGT-0040,2026-01-06,5636000.0,246426.39
SALE-00335,LEAD-004718,CUST-004718,PROP-00553,AGT-0021,2025-08-29,1305000.0,63108.39
SALE-00336,LEAD-000011,CUST-000011,PROP-00149,AGT-0043,2026-06-28,880000.0,20287.62
SALE-00337,LEAD-000979,CUST-000979,PROP-00569,AGT-0012,2025-02-20,8020000.0,312633.93
SALE-00338,LEAD-004265,CUST-004265,PROP-00472,AGT-0001,2026-03-30,710000.0,20028.76
SALE-00339,LEAD-003272,CUST-003272,PROP-00539,AGT-0006,2026-02-11,1504000.0,32918.2
SALE-00340,LEAD-002530,CUST-002530,PROP-00365,AGT-0026,2025-12-05,3055000.0,68447.81
SALE-00341,LEAD-000072,CUST-000072,PROP-00031,AGT-0023,2024-09-18,1171000.0,48940.95
SALE-00342,LEAD-000185,CUST-000185,PROP-00205,AGT-0043,2026-06-03,6047000.0,193940.52
SALE-00343,LEAD-000469,CUST-000469,PROP-00592,AGT-0013,2024-07-31,1241000.0,32827.51
SALE-00344,LEAD-000342,CUST-000342,PROP-00500,,2025-12-01,3070000.0,123279.1
SALE-00345,LEAD-004553,CUST-004553,PROP-00266,AGT-0032,2024-04-20,4897000.0,156011.99
SALE-00346,LEAD-001604,CUST-001604,PROP-00207,AGT-0030,2026-06-08,1041000.0,45680.92
SALE-00347,LEAD-004880,CUST-004880,PROP-00515,AGT-0025,2024-08-18,1461000.0,44305.84
SALE-00348,LEAD-003078,CUST-003078,PROP-00298,AGT-0006,2024-03-16,2714000.0,131986.45
SALE-00349,LEAD-004835,CUST-004835,PROP-00402,AGT-0044,2024-03-17,2508000.0,93025.01
SALE-00350,LEAD-001295,CUST-001295,PROP-00377,AGT-0027,2024-11-26,5181000.0,213912.61
SALE-00351,LEAD-001532,CUST-001532,PROP-00210,AGT-0011,2025-06-27,3079000.0,104087.06
SALE-00352,LEAD-004547,CUST-004547,PROP-00429,AGT-0007,2024-05-20,1688000.0,57337.66
SALE-00353,LEAD-003169,CUST-003169,PROP-00178,AGT-0026,2025-11-20,513000.0,20670.77
SALE-00354,LEAD-001560,CUST-001560,PROP-00388,AGT-0031,2024-12-06,3180000.0,86402.14
SALE-00355,LEAD-004625,CUST-004625,PROP-00099,AGT-0033,2025-05-27,1889000.0,49004.44
SALE-00356,LEAD-002558,CUST-002558,PROP-00215,,2024-12-07,2084000.0,43495.94
SALE-00357,LEAD-002074,CUST-002074,PROP-00014,AGT-0008,2024-08-01,1706000.0,69599.82
SALE-00358,LEAD-000143,CUST-000143,PROP-00145,AGT-0011,2026-05-23,821000.0,20765.62
SALE-00359,LEAD-004191,CUST-004191,PROP-00305,AGT-0038,2024-10-09,5316000.0,139279.54
SALE-00360,LEAD-003557,CUST-003557,PROP-00305,AGT-0013,2025-04-25,5421000.0,263654.44
SALE-00361,LEAD-001583,CUST-001583,PROP-00200,AGT-0038,2025-03-15,6764000.0,260222.2
SALE-00362,LEAD-000804,CUST-000804,PROP-00078,AGT-0030,2025-10-30,1418000.0,50751.35
SALE-00363,LEAD-002734,CUST-002734,PROP-00028,AGT-0043,2025-06-05,1329000.0,50352.33
SALE-00364,LEAD-002866,CUST-002866,PROP-00335,AGT-0013,2024-05-07,2164000.0,53819.91
SALE-00365,LEAD-003248,CUST-003248,PROP-00564,AGT-0018,2024-08-28,1896000.0,55742.34
SALE-00366,LEAD-001378,CUST-001378,PROP-00416,AGT-0032,2024-05-04,691000.0,18314.55
SALE-00367,LEAD-003222,CUST-003222,PROP-00292,AGT-0006,2025-08-30,2700000.0,101120.9
SALE-00368,LEAD-002634,CUST-002634,PROP-00051,AGT-0005,2025-01-22,435000.0,14210.38
SALE-00369,LEAD-004998,CUST-004998,PROP-00444,AGT-0034,2026-01-19,1424000.0,67915.74
SALE-00370,LEAD-000527,CUST-000527,PROP-00049,AGT-0037,2025-03-21,1831000.0,70110.86
SALE-00371,LEAD-004067,CUST-004067,PROP-00492,AGT-0044,2024-05-08,1808000.0,74300.13
SALE-00372,LEAD-002137,CUST-002137,PROP-00203,,2026-02-10,1787000.0,43685.75
SALE-00373,LEAD-002067,CUST-002067,PROP-00553,AGT-0020,2026-01-05,1331000.0,54604.63
SALE-00374,LEAD-004588,CUST-004588,PROP-00555,AGT-0010,2025-08-20,5345000.0,176493.1
SALE-00375,LEAD-002496,CUST-002496,PROP-00441,AGT-0027,2025-08-27,2954000.0,79531.71
SALE-00376,LEAD-001396,CUST-001396,PROP-00304,AGT-0022,2025-05-12,1540000.0,52886.19
SALE-00377,LEAD-004343,CUST-004343,PROP-00388,AGT-0009,2025-04-20,3170000.0,96420.07
SALE-00378,LEAD-000271,CUST-000271,PROP-00331,AGT-0030,2026-06-10,1552000.0,31296.9
SALE-00379,LEAD-002990,CUST-002990,PROP-00492,AGT-0007,2024-06-11,1790000.0,44898.99
SALE-00380,LEAD-002007,CUST-002007,PROP-00213,AGT-0010,2026-03-24,495000.0,20291.94
SALE-00381,LEAD-000375,CUST-000375,PROP-00244,AGT-0015,2024-12-13,10315000.0,473952.74
SALE-00382,LEAD-002165,CUST-002165,PROP-00402,AGT-0013,2026-06-28,2333000.0,92796.59
SALE-00383,LEAD-004653,CUST-004653,PROP-00527,AGT-0045,2026-05-23,4347000.0,184268.28
SALE-00384,LEAD-002006,CUST-002006,PROP-00042,AGT-0011,2025-04-29,2698000.0,63481.5
SALE-00385,LEAD-000833,CUST-000833,PROP-00008,AGT-0032,2024-12-18,779000.0,27495.56
SALE-00386,LEAD-003238,CUST-003238,PROP-00188,AGT-0024,2025-11-02,5437000.0,185333.42
SALE-00387,LEAD-001076,CUST-001076,PROP-00543,AGT-0023,2026-06-26,1588000.0,72598.41
SALE-00388,LEAD-001947,CUST-001947,PROP-00067,AGT-0015,2024-03-28,1461000.0,58024.81
SALE-00389,LEAD-001042,CUST-001042,PROP-00100,AGT-0042,2024-03-05,1855000.0,51402.03
SALE-00390,LEAD-003285,CUST-003285,PROP-00519,,2024-05-10,872000.0,23535.92
SALE-00391,LEAD-003735,CUST-003735,PROP-00223,AGT-0019,2024-09-27,2109000.0,60466.59
SALE-00392,LEAD-000843,CUST-000843,PROP-00095,AGT-0006,2025-09-05,4730000.0,204676.12
SALE-00393,LEAD-002069,CUST-002069,PROP-00346,AGT-0032,2024-03-18,1764000.0,53454.23
SALE-00394,LEAD-004500,CUST-004500,PROP-00290,AGT-0008,2025-03-15,2705000.0,131617.88
SALE-00395,LEAD-000864,CUST-000864,PROP-00118,AGT-0032,2024-08-09,1716000.0,81474.81
SALE-00396,LEAD-004138,CUST-004138,PROP-00033,AGT-0034,2025-12-10,2884000.0,75116.15
SALE-00397,LEAD-001327,CUST-001327,PROP-00250,AGT-0044,2025-07-14,2628000.0,88427.09
SALE-00398,LEAD-002197,CUST-002197,PROP-00508,AGT-0039,2026-05-30,4994000.0,172026.72
SALE-00399,LEAD-001800,CUST-001800,PROP-00448,AGT-0036,2024-06-22,2192000.0,81719.53
SALE-00400,LEAD-004129,CUST-004129,PROP-00599,AGT-0011,2024-12-03,708000.0,18192.91
SALE-00401,LEAD-001039,CUST-001039,PROP-00169,AGT-0028,2026-03-06,800000.0,28997.44
SALE-00402,LEAD-002855,CUST-002855,PROP-00469,AGT-0045,2025-10-26,1462000.0,50092.5
SALE-00403,LEAD-001594,CUST-001594,PROP-00586,AGT-0026,2025-03-01,5447000.0,265365.94
SALE-00404,LEAD-003366,CUST-003366,PROP-00192,AGT-0019,2025-07-18,9467000.0,251443.11
SALE-00405,LEAD-000946,CUST-000946,PROP-00540,AGT-0006,2025-06-06,2731000.0,101611.19
SALE-00406,LEAD-003915,CUST-003915,PROP-00240,AGT-0014,2026-06-17,1480000.0,72559.37
SALE-00407,LEAD-002512,CUST-002512,PROP-00141,AGT-0009,2025-05-16,5762000.0,229446.44
SALE-00408,LEAD-003999,CUST-003999,PROP-00356,AGT-0039,2024-07-12,5483000.0,258881.25
SALE-00409,LEAD-000865,CUST-000865,PROP-00580,AGT-0003,2024-06-19,3055000.0,84664.18
SALE-00410,LEAD-003381,CUST-003381,PROP-00347,AGT-0010,2025-11-09,2331000.0,77623.92
SALE-00411,LEAD-000396,CUST-000396,PROP-00301,AGT-0033,2025-05-11,3557000.0,100342.82
SALE-00412,LEAD-000882,CUST-000882,PROP-00526,AGT-0042,2024-11-10,832000.0,32319.84
SALE-00413,LEAD-000948,CUST-000948,PROP-00433,AGT-0005,2024-07-03,4558000.0,105311.18
SALE-00414,LEAD-002642,CUST-002642,PROP-00560,AGT-0022,2024-08-21,512000.0,10517.32
SALE-00415,LEAD-000631,CUST-000631,PROP-00328,AGT-0010,2026-05-02,1639000.0,66122.63
SALE-00416,LEAD-001878,CUST-001878,PROP-00492,AGT-0036,2024-07-23,1752000.0,55033.54
SALE-00417,LEAD-000288,CUST-000288,PROP-00257,AGT-0020,2026-05-20,499000.0,23491.88
SALE-00418,LEAD-004335,CUST-004335,PROP-00532,AGT-0009,2025-08-30,1412000.0,51684.44
SALE-00419,LEAD-002370,CUST-002370,PROP-00056,AGT-0014,2024-12-18,1532000.0,75293.18
SALE-00420,LEAD-002996,CUST-002996,PROP-00001,AGT-0023,2025-10-17,5312000.0,234352.66
SALE-00421,LEAD-001224,CUST-001224,PROP-00477,AGT-0015,2024-05-19,3124000.0,78634.68
SALE-00422,LEAD-002445,CUST-002445,PROP-00221,AGT-0034,2026-02-17,2509000.0,80502.72
SALE-00423,LEAD-004357,CUST-004357,PROP-00568,AGT-0034,2026-05-31,1855000.0,49161.41
SALE-00424,LEAD-001265,CUST-001265,PROP-00569,AGT-0027,2025-04-27,7781000.0,347362.19
SALE-00425,LEAD-003209,CUST-003209,PROP-00197,AGT-0015,2026-03-05,5447000.0,121418.07
SALE-00426,LEAD-004581,CUST-004581,PROP-00518,AGT-0038,2025-08-19,1791000.0,53347.91
SALE-00427,LEAD-004726,CUST-004726,PROP-00483,AGT-0002,2025-07-18,5101000.0,174690.62
SALE-00428,LEAD-003665,CUST-003665,PROP-00095,AGT-0037,2025-12-29,4928000.0,136764.58
SALE-00429,LEAD-003439,CUST-003439,PROP-00148,AGT-0015,2025-03-11,4570000.0,166989.17
SALE-00430,LEAD-004233,CUST-004233,PROP-00538,AGT-0031,2025-04-16,834000.0,21230.52
SALE-00431,LEAD-000221,CUST-000221,PROP-00491,AGT-0001,2025-08-24,816000.0,27628.92
SALE-00432,LEAD-003536,CUST-003536,PROP-00358,AGT-0011,2024-05-23,2372000.0,88771.72
SALE-00433,LEAD-004800,CUST-004800,PROP-00251,AGT-0022,2025-08-13,582000.0,23903.83
SALE-00434,LEAD-003418,CUST-003418,PROP-00152,AGT-0010,2025-12-14,512000.0,16685.56
SALE-00435,LEAD-002879,CUST-002879,PROP-00291,AGT-0015,2025-01-05,1786000.0,87817.28
SALE-00436,LEAD-002658,CUST-002658,PROP-00007,,2024-06-23,2436000.0,91951.95
SALE-00437,LEAD-001961,CUST-001961,PROP-00478,AGT-0019,2026-05-22,712000.0,20248.86
SALE-00438,LEAD-001636,CUST-001636,PROP-00268,AGT-0007,2024-12-28,2204000.0,64584.39
SALE-00439,LEAD-000422,CUST-000422,PROP-00409,AGT-0010,2026-02-15,620000.0,15946.23
SALE-00440,LEAD-000655,CUST-000655,PROP-00185,AGT-0035,2025-10-23,9107000.0,386352.86
SALE-00441,LEAD-004951,CUST-004951,PROP-00102,AGT-0018,2025-07-10,1256000.0,50750.73
SALE-00442,LEAD-002907,CUST-002907,PROP-00315,AGT-0011,2025-09-24,820000.0,21367.34
SALE-00443,LEAD-003412,CUST-003412,PROP-00571,AGT-0014,2025-07-09,1865000.0,46199.7
SALE-00444,LEAD-002093,CUST-002093,PROP-00459,AGT-0026,2026-01-29,1812000.0,37846.6
SALE-00445,LEAD-003192,CUST-003192,PROP-00419,AGT-0033,2024-04-29,1487000.0,37927.51
SALE-00446,LEAD-004788,CUST-004788,PROP-00598,AGT-0022,2025-06-05,2260000.0,68751.99
SALE-00447,LEAD-004815,CUST-004815,PROP-00137,AGT-0035,2025-01-13,1581000.0,47637.63
SALE-00448,LEAD-004828,CUST-004828,PROP-00274,AGT-0035,2025-07-24,1723000.0,52211.94
SALE-00449,LEAD-004277,CUST-004277,PROP-00319,AGT-0039,2024-08-10,2111000.0,68515.87
SALE-00450,LEAD-001873,CUST-001873,PROP-00416,AGT-0025,2025-11-05,691000.0,22175.45
SALE-00451,LEAD-003149,CUST-003149,PROP-00189,AGT-0005,2026-03-22,746000.0,36820.69
SALE-00452,LEAD-003742,CUST-003742,PROP-00009,AGT-0024,2025-10-11,491000.0,20078.54
SALE-00453,LEAD-002416,CUST-002416,PROP-00132,AGT-0002,2025-05-24,810000.0,20745.2
SALE-00454,LEAD-003867,CUST-003867,PROP-00135,AGT-0019,2024-08-05,3524000.0,87140.39
SALE-00455,LEAD-002430,CUST-002430,PROP-00192,AGT-0024,2024-12-17,10011000.0,296989.57
SALE-00456,LEAD-004669,CUST-004669,PROP-00055,AGT-0001,2025-05-13,2756000.0,96203.47
SALE-00457,LEAD-004247,CUST-004247,PROP-00238,AGT-0003,2024-11-20,431000.0,13540.84
SALE-00458,LEAD-000287,CUST-000287,PROP-00256,AGT-0009,2024-09-10,7728000.0,266259.97
SALE-00459,LEAD-003729,CUST-003729,PROP-00286,AGT-0025,2025-11-11,1861000.0,71704.19
SALE-00460,LEAD-000780,CUST-000780,PROP-00181,AGT-0033,2024-05-31,5254000.0,195028.62
SALE-00461,LEAD-004687,CUST-004687,PROP-00400,AGT-0004,2024-08-07,5520000.0,171967.54
SALE-00462,LEAD-001340,CUST-001340,PROP-00271,AGT-0026,2026-05-15,4868000.0,196647.55
SALE-00463,LEAD-000384,CUST-000384,PROP-00262,AGT-0014,2024-05-19,2694000.0,122678.27
SALE-00464,LEAD-002189,CUST-002189,PROP-00257,AGT-0029,2025-09-26,506000.0,21766.34
SALE-00465,LEAD-003811,CUST-003811,PROP-00133,AGT-0031,2025-05-12,2631000.0,85239.06
SALE-00466,LEAD-004102,CUST-004102,PROP-00481,AGT-0045,2024-04-20,2061000.0,54936.74
SALE-00467,LEAD-003009,CUST-003009,PROP-00463,AGT-0015,2025-07-18,1590000.0,66033.1
SALE-00468,LEAD-001045,CUST-001045,PROP-00485,AGT-0037,2024-06-17,5749000.0,218180.52
SALE-00469,LEAD-000331,CUST-000331,PROP-00099,AGT-0013,2025-09-11,1875000.0,88123.19
SALE-00470,LEAD-000862,CUST-000862,PROP-00591,AGT-0041,2025-01-01,2224000.0,60936.4
SALE-00471,LEAD-001112,CUST-001112,PROP-00044,AGT-0008,2024-11-11,2219000.0,80335.66
SALE-00472,LEAD-003084,CUST-003084,PROP-00091,AGT-0037,2025-04-18,2079000.0,74193.63
SALE-00473,LEAD-004619,CUST-004619,PROP-00163,,2025-01-22,1433000.0,40113.83
SALE-00474,LEAD-000550,CUST-000550,PROP-00039,AGT-0026,2024-03-13,5963000.0,175103.34
SALE-00475,LEAD-002590,CUST-002590,PROP-00411,AGT-0013,2024-03-04,5716000.0,240552.21
SALE-00476,LEAD-004701,CUST-004701,PROP-00523,AGT-0043,2024-08-08,2005000.0,99939.6
SALE-00477,LEAD-002349,CUST-002349,PROP-00186,,2025-11-28,2398000.0,85426.09
SALE-00478,LEAD-001822,CUST-001822,PROP-00098,AGT-0022,2024-07-02,3193000.0,94959.3
SALE-00479,LEAD-001710,CUST-001710,PROP-00184,AGT-0039,2025-11-07,833000.0,41616.2
SALE-00480,LEAD-002488,CUST-002488,PROP-00035,AGT-0003,2024-06-14,2156000.0,75944.51
SALE-00481,LEAD-001080,CUST-001080,PROP-00195,AGT-0005,2025-06-12,2297000.0,95418.99
SALE-00482,LEAD-002429,CUST-002429,PROP-00056,AGT-0025,2024-03-09,1561000.0,40561.04
SALE-00483,LEAD-003367,CUST-003367,PROP-00447,AGT-0007,2024-05-31,2097000.0,90247.14
SALE-00484,LEAD-004408,CUST-004408,PROP-00248,AGT-0008,2025-01-18,1648000.0,69869.86
SALE-00485,LEAD-001978,CUST-001978,PROP-00036,AGT-0015,2024-09-21,656000.0,26615.51
SALE-00486,LEAD-003478,CUST-003478,PROP-00154,AGT-0044,2026-01-30,5985000.0,175340.97
SALE-00487,LEAD-001206,CUST-001206,PROP-00341,AGT-0005,2024-12-26,1247000.0,45075.69
SALE-00488,LEAD-000522,CUST-000522,PROP-00047,AGT-0020,2024-11-24,2968000.0,144465.82
SALE-00489,LEAD-001316,CUST-001316,PROP-00327,AGT-0022,2025-07-23,1505000.0,63639.62
SALE-00490,LEAD-002960,CUST-002960,PROP-00158,AGT-0009,2026-05-31,2726000.0,118379.85
SALE-00491,LEAD-002176,CUST-002176,PROP-00323,AGT-0024,2024-12-29,2361000.0,48629.67
SALE-00492,LEAD-003027,CUST-003027,PROP-00491,AGT-0043,2024-03-17,816000.0,39823.38
SALE-00493,LEAD-001367,CUST-001367,PROP-00260,AGT-0027,2026-06-10,1955000.0,56258.36
SALE-00494,LEAD-002553,CUST-002553,PROP-00254,AGT-0022,2026-05-03,504000.0,20500.95
SALE-00495,LEAD-000309,CUST-000309,PROP-00354,AGT-0040,2025-02-16,5537000.0,231766.34
SALE-00496,LEAD-002122,CUST-002122,PROP-00112,AGT-0002,2025-05-07,1860000.0,56539.39
SALE-00497,LEAD-003346,CUST-003346,PROP-00556,AGT-0038,2025-10-10,547000.0,16571.31
SALE-00498,LEAD-002038,CUST-002038,PROP-00545,AGT-0002,2025-08-16,2611000.0,92027.25
SALE-00499,LEAD-003829,CUST-003829,PROP-00171,AGT-0018,2024-11-01,2925000.0,139401.09
SALE-00500,LEAD-003660,CUST-003660,PROP-00187,AGT-0003,2025-07-02,1728000.0,42739.28
SALE-00501,LEAD-001819,CUST-001819,PROP-00139,AGT-0013,2025-08-19,1819000.0,76959.21
SALE-00502,LEAD-002911,CUST-002911,PROP-00454,AGT-0006,2025-01-29,1650000.0,48556.49
SALE-00503,LEAD-001510,CUST-001510,PROP-00095,AGT-0030,2026-01-20,4930000.0,132482.68
SALE-00504,LEAD-000206,CUST-000206,PROP-00033,AGT-0016,2025-01-20,2823000.0,65982.35
SALE-00505,LEAD-004133,CUST-004133,PROP-00393,AGT-0009,2025-02-18,1712000.0,57883.88
SALE-00506,LEAD-001446,CUST-001446,PROP-00068,AGT-0025,2024-03-24,5736000.0,276742.26
SALE-00507,LEAD-004610,CUST-004610,PROP-00244,AGT-0013,2025-07-23,10239000.0,254861.5
SALE-00508,LEAD-003186,CUST-003186,PROP-00417,,2024-11-21,1512000.0,40884.66
SALE-00509,LEAD-003215,CUST-003215,PROP-00391,AGT-0035,2025-11-17,1652000.0,40134.65
SALE-00510,LEAD-004227,CUST-004227,PROP-00274,AGT-0006,2025-04-03,1779000.0,82020.18
SALE-00511,LEAD-002666,CUST-002666,PROP-00484,AGT-0014,2026-06-30,2561000.0,52814.74
SALE-00512,LEAD-004693,CUST-004693,PROP-00086,AGT-0019,2025-11-17,1929000.0,53801.59
SALE-00513,LEAD-000680,CUST-000680,PROP-00005,AGT-0021,2026-04-22,1743000.0,55151.92
SALE-00514,LEAD-003688,CUST-003688,PROP-00437,AGT-0003,2024-07-26,1354000.0,41070.46
SALE-00515,LEAD-002383,CUST-002383,PROP-00369,AGT-0020,2025-12-12,2645000.0,130496.58
SALE-00516,LEAD-000200,CUST-000200,PROP-00384,AGT-0014,2024-11-14,2410000.0,51386.07
SALE-00517,LEAD-000418,CUST-000418,PROP-00188,AGT-0001,2026-04-19,5189000.0,143657.81
SALE-00518,LEAD-000912,CUST-000912,PROP-00055,AGT-0004,2024-04-23,2699000.0,121125.91
SALE-00519,LEAD-002113,CUST-002113,PROP-00077,,2025-03-17,462000.0,12859.6
SALE-00520,LEAD-002696,CUST-002696,PROP-00475,AGT-0021,2026-02-09,5254000.0,194063.61
SALE-00521,LEAD-001289,CUST-001289,PROP-00295,AGT-0003,2026-06-12,3165000.0,140792.55
SALE-00522,LEAD-000147,CUST-000147,PROP-00505,AGT-0040,2024-05-03,1106000.0,31521.85
SALE-00523,LEAD-001134,CUST-001134,PROP-00552,AGT-0033,2026-05-13,1564000.0,43195.33
SALE-00524,LEAD-002657,CUST-002657,PROP-00447,AGT-0014,2026-02-06,2160000.0,102530.65
SALE-00525,LEAD-003598,CUST-003598,PROP-00415,AGT-0004,2026-03-27,2998000.0,76144.55
SALE-00526,LEAD-001958,CUST-001958,PROP-00183,AGT-0038,2025-07-09,2513000.0,57915.38
SALE-00527,LEAD-002428,CUST-002428,PROP-00041,AGT-0021,2025-08-05,2260000.0,111788.46
SALE-00528,LEAD-003516,CUST-003516,PROP-00423,AGT-0005,2025-04-16,2536000.0,62984.63
SALE-00529,LEAD-003239,CUST-003239,PROP-00587,AGT-0005,2025-08-28,2582000.0,71634.71
SALE-00530,LEAD-004562,CUST-004562,PROP-00130,AGT-0035,2025-03-03,2137000.0,71065.63
SALE-00531,LEAD-001349,CUST-001349,PROP-00010,AGT-0007,2025-05-05,691000.0,16541.79
SALE-00532,LEAD-001666,CUST-001666,PROP-00516,AGT-0028,2024-08-05,1990000.0,94672.81
SALE-00533,LEAD-004825,CUST-004825,PROP-00548,AGT-0034,2025-03-19,1582000.0,33382.92
SALE-00534,LEAD-000348,CUST-000348,PROP-00401,AGT-0041,2024-05-02,4887000.0,160585.38
SALE-00535,LEAD-002369,CUST-002369,PROP-00495,AGT-0003,2024-07-15,2896000.0,77892.88
SALE-00536,LEAD-001642,CUST-001642,PROP-00330,AGT-0005,2026-02-06,1168000.0,25379.56
SALE-00537,LEAD-002031,CUST-002031,PROP-00003,AGT-0006,2025-03-27,1817000.0,40073.73
SALE-00538,LEAD-004881,CUST-004881,PROP-00444,AGT-0017,2025-01-09,1424000.0,57796.54
SALE-00539,LEAD-001887,CUST-001887,PROP-00098,AGT-0005,2024-06-28,3109000.0,74202.36
SALE-00540,LEAD-002694,CUST-002694,PROP-00369,AGT-0026,2025-06-14,2721000.0,102479.93
SALE-00541,LEAD-004699,CUST-004699,PROP-00594,,2024-09-12,599000.0,20771.16
SALE-00542,LEAD-003303,CUST-003303,PROP-00455,AGT-0013,2025-09-27,2469000.0,88232.79
SALE-00543,LEAD-000358,CUST-000358,PROP-00340,AGT-0018,2024-07-02,7022000.0,230158.9
SALE-00544,LEAD-003518,CUST-003518,PROP-00479,AGT-0015,2024-07-12,6495000.0,209245.78
SALE-00545,LEAD-000129,CUST-000129,PROP-00285,AGT-0040,2024-09-16,5401000.0,160554.0
SALE-00546,LEAD-001818,CUST-001818,PROP-00111,AGT-0040,2024-12-30,2739000.0,130014.62
SALE-00547,LEAD-004991,CUST-004991,PROP-00174,AGT-0030,2025-02-23,2473000.0,97405.82
SALE-00548,LEAD-002381,CUST-002381,PROP-00049,AGT-0030,2026-05-31,1737000.0,59823.66
SALE-00549,LEAD-004105,CUST-004105,PROP-00149,AGT-0020,2025-02-21,878000.0,29517.77
SALE-00550,LEAD-002330,CUST-002330,PROP-00104,AGT-0014,2024-11-21,781000.0,30388.56
SALE-00551,LEAD-004740,CUST-004740,PROP-00189,AGT-0032,2024-05-28,756000.0,35739.65
SALE-00552,LEAD-002150,CUST-002150,PROP-00444,AGT-0027,2025-01-02,1407000.0,58708.96
SALE-00553,LEAD-003636,CUST-003636,PROP-00060,AGT-0032,2024-12-06,5232000.0,229094.65
SALE-00554,LEAD-001274,CUST-001274,PROP-00404,AGT-0017,2025-06-08,8042000.0,326426.96
SALE-00555,LEAD-002183,CUST-002183,PROP-00492,AGT-0001,2026-05-07,1773000.0,56484.94
SALE-00556,LEAD-000575,CUST-000575,PROP-00565,AGT-0036,2024-05-01,3544000.0,94643.33
SALE-00557,LEAD-002925,CUST-002925,PROP-00256,AGT-0006,2025-01-11,7909000.0,379639.47
SALE-00558,LEAD-004640,CUST-004640,PROP-00171,AGT-0023,2025-02-22,2920000.0,83885.09
SALE-00559,LEAD-002048,CUST-002048,PROP-00157,AGT-0013,2024-04-30,568000.0,23549.11
SALE-00560,LEAD-003227,CUST-003227,PROP-00501,AGT-0041,2025-05-15,2311000.0,96975.93
SALE-00561,LEAD-000605,CUST-000605,PROP-00334,AGT-0021,2026-06-05,6064000.0,126195.87
SALE-00562,LEAD-000712,CUST-000712,PROP-00373,AGT-0020,2025-09-30,569000.0,27375.9
SALE-00563,LEAD-002373,CUST-002373,PROP-00401,AGT-0016,2024-07-29,5153000.0,123616.32
SALE-00564,LEAD-002127,CUST-002127,PROP-00171,AGT-0010,2024-11-17,2795000.0,131976.57
SALE-00565,LEAD-000042,CUST-000042,PROP-00154,AGT-0027,2025-05-17,5886000.0,171351.56
SALE-00566,LEAD-003832,CUST-003832,PROP-00474,AGT-0038,2024-06-13,1650000.0,34355.58
SALE-00567,LEAD-003978,CUST-003978,PROP-00478,AGT-0022,2025-10-30,729000.0,29491.61
SALE-00568,LEAD-002438,CUST-002438,PROP-00306,AGT-0035,2025-06-21,7618000.0,301736.35
SALE-00569,LEAD-001511,CUST-001511,PROP-00312,AGT-0013,2025-08-10,1849000.0,64157.18
SALE-00570,LEAD-003260,CUST-003260,PROP-00380,AGT-0043,2026-03-23,1940000.0,66070.7
SALE-00571,LEAD-003724,CUST-003724,PROP-00513,AGT-0006,2025-07-30,7528000.0,311613.08
SALE-00572,LEAD-003317,CUST-003317,PROP-00212,AGT-0002,2025-10-23,1876000.0,62727.87
SALE-00573,LEAD-004078,CUST-004078,PROP-00048,AGT-0015,2024-05-10,647000.0,26409.14
SALE-00574,LEAD-004354,CUST-004354,PROP-00176,AGT-0029,2025-06-06,1713000.0,67930.41
SALE-00575,LEAD-002550,CUST-002550,PROP-00404,AGT-0032,2025-06-27,7885000.0,179042.58
SALE-00576,LEAD-003185,CUST-003185,PROP-00310,AGT-0036,2026-04-20,623000.0,15650.65
SALE-00577,LEAD-001127,CUST-001127,PROP-00105,AGT-0043,2026-05-22,1332000.0,52419.91
SALE-00578,LEAD-004695,CUST-004695,PROP-00385,AGT-0020,2024-05-08,495000.0,15388.03
SALE-00579,LEAD-000587,CUST-000587,PROP-00532,AGT-0036,2025-06-18,1416000.0,67714.33
SALE-00580,LEAD-002614,CUST-002614,PROP-00074,AGT-0012,2025-02-24,2831000.0,65524.14
SALE-00581,LEAD-004531,CUST-004531,PROP-00083,AGT-0034,2025-05-13,5450000.0,178627.0
SALE-00582,LEAD-004660,CUST-004660,PROP-00578,AGT-0038,2024-04-09,627000.0,15414.98
SALE-00583,LEAD-002549,CUST-002549,PROP-00112,,2026-01-16,1823000.0,39447.87
SALE-00584,LEAD-002458,CUST-002458,PROP-00380,AGT-0041,2026-05-04,1852000.0,57831.15
SALE-00585,LEAD-001650,CUST-001650,PROP-00240,AGT-0027,2025-07-05,1527000.0,53180.09
SALE-00586,LEAD-003981,CUST-003981,PROP-00022,AGT-0044,2024-08-15,466000.0,20911.03
SALE-00587,LEAD-000966,CUST-000966,PROP-00082,AGT-0033,2024-10-06,1540000.0,61680.33
SALE-00588,LEAD-002915,CUST-002915,PROP-00302,AGT-0010,2025-05-17,1223000.0,54109.51
SALE-00589,LEAD-002861,CUST-002861,PROP-00133,AGT-0002,2024-07-09,2752000.0,131160.8
SALE-00590,LEAD-003687,CUST-003687,PROP-00451,AGT-0018,2024-07-06,1773000.0,42795.83
SALE-00591,LEAD-001073,CUST-001073,PROP-00548,AGT-0012,2025-03-03,1571000.0,44154.34
SALE-00592,LEAD-004444,CUST-004444,PROP-00052,AGT-0040,2025-03-16,2662000.0,102438.92
SALE-00593,LEAD-000586,CUST-000586,PROP-00433,AGT-0044,2024-10-29,4731000.0,135572.14
SALE-00594,LEAD-002616,CUST-002616,PROP-00353,AGT-0018,2025-12-02,5446000.0,150582.86
SALE-00595,LEAD-003800,CUST-003800,PROP-00353,AGT-0036,2025-09-19,5470000.0,165040.97
SALE-00596,LEAD-000958,CUST-000958,PROP-00459,AGT-0044,2024-02-26,1774000.0,72938.31
SALE-00597,LEAD-000160,CUST-000160,PROP-00002,AGT-0006,2024-06-01,2758000.0,68785.2
SALE-00598,LEAD-000060,CUST-000060,PROP-00207,AGT-0033,2024-08-02,1036000.0,49236.67
SALE-00599,LEAD-003604,CUST-003604,PROP-00307,AGT-0018,2024-05-24,1672000.0,59599.48
SALE-00600,LEAD-000016,CUST-000016,PROP-00253,AGT-0024,2026-01-04,1819000.0,61390.72
SALE-00601,LEAD-003275,CUST-003275,PROP-00077,AGT-0037,2025-11-03,480000.0,10261.97
SALE-00602,LEAD-002491,CUST-002491,PROP-00068,AGT-0013,2024-05-18,5728000.0,259286.68
SALE-00603,LEAD-004810,CUST-004810,PROP-00311,AGT-0018,2025-10-10,3062000.0,94330.87
SALE-00604,LEAD-003435,CUST-003435,PROP-00079,AGT-0022,2025-11-04,2339000.0,79705.07
SALE-00605,LEAD-000798,CUST-000798,PROP-00006,AGT-0007,2025-11-03,4999000.0,192135.79
SALE-00606,LEAD-004320,CUST-004320,PROP-00190,AGT-0028,2024-08-05,5273000.0,218285.7
SALE-00607,LEAD-001757,CUST-001757,PROP-00580,AGT-0015,2024-12-18,3004000.0,136763.57
SALE-00608,LEAD-002607,CUST-002607,PROP-00121,AGT-0040,2025-01-04,9354000.0,199567.97
SALE-00609,LEAD-002242,CUST-002242,PROP-00324,AGT-0042,2026-03-16,1925000.0,39843.85
SALE-00610,LEAD-003896,CUST-003896,PROP-00124,AGT-0043,2025-05-06,1123000.0,48161.4
SALE-00611,LEAD-002540,CUST-002540,PROP-00279,AGT-0012,2025-12-01,817000.0,30983.75
SALE-00612,LEAD-002670,CUST-002670,PROP-00548,AGT-0037,2025-07-10,1552000.0,59715.98
SALE-00613,LEAD-002823,CUST-002823,PROP-00593,AGT-0045,2025-04-14,1824000.0,39052.48
SALE-00614,LEAD-004671,CUST-004671,PROP-00344,AGT-0030,2026-02-14,2028000.0,40775.52
SALE-00615,LEAD-003170,CUST-003170,PROP-00421,AGT-0007,2026-04-20,9631000.0,337538.98
SALE-00616,LEAD-000600,CUST-000600,PROP-00458,AGT-0040,2024-07-01,569000.0,12431.54
SALE-00617,LEAD-001547,CUST-001547,PROP-00466,AGT-0045,2026-01-20,1802000.0,78630.09
SALE-00618,LEAD-003337,CUST-003337,PROP-00438,AGT-0004,2024-06-21,1547000.0,57567.01
SALE-00619,LEAD-002936,CUST-002936,PROP-00195,AGT-0037,2025-03-28,2439000.0,67256.98
SALE-00620,LEAD-000889,CUST-000889,PROP-00595,AGT-0045,2025-05-07,2040000.0,62157.2
SALE-00621,LEAD-002955,CUST-002955,PROP-00443,AGT-0004,2024-07-01,2283000.0,98199.98
SALE-00622,LEAD-002547,CUST-002547,PROP-00437,AGT-0035,2025-10-11,1410000.0,52165.08
SALE-00623,LEAD-000715,CUST-000715,PROP-00520,AGT-0003,2024-04-10,1578000.0,42366.89
SALE-00624,LEAD-004069,CUST-004069,PROP-00362,AGT-0031,2025-11-04,759000.0,21375.02
SALE-00625,LEAD-002849,CUST-002849,PROP-00007,AGT-0021,2024-12-09,2482000.0,61109.19
SALE-00626,LEAD-000618,CUST-000618,PROP-00155,AGT-0037,2026-04-15,5471000.0,200585.83
SALE-00627,LEAD-003654,CUST-003654,PROP-00023,AGT-0006,2025-05-25,2182000.0,52995.84
SALE-00628,LEAD-002773,CUST-002773,PROP-00478,AGT-0023,2024-09-25,728000.0,36278.22
SALE-00629,LEAD-003737,CUST-003737,PROP-00230,AGT-0002,2025-01-18,1848000.0,84869.25
SALE-00630,LEAD-001408,CUST-001408,PROP-00309,AGT-0011,2024-12-03,5207000.0,209375.88
SALE-00631,LEAD-003166,CUST-003166,PROP-00311,,2025-11-19,3081000.0,133005.45
SALE-00632,LEAD-003930,CUST-003930,PROP-00425,AGT-0034,2024-07-05,1636000.0,59708.57
SALE-00633,LEAD-003244,CUST-003244,PROP-00128,AGT-0015,2024-08-03,4293000.0,173547.05
SALE-00634,LEAD-001825,CUST-001825,PROP-00040,AGT-0027,2025-12-23,1795000.0,62961.88
SALE-00635,LEAD-001862,CUST-001862,PROP-00506,AGT-0041,2025-10-15,2279000.0,73383.47
SALE-00636,LEAD-004735,CUST-004735,PROP-00317,AGT-0006,2025-02-20,598000.0,27153.61
SALE-00637,LEAD-000298,CUST-000298,PROP-00292,AGT-0009,2026-06-25,2595000.0,111193.79
SALE-00638,LEAD-004100,CUST-004100,PROP-00150,AGT-0027,2025-03-29,1812000.0,71492.59
SALE-00639,LEAD-000729,CUST-000729,PROP-00181,AGT-0004,2025-10-11,5287000.0,218946.13
SALE-00640,LEAD-003670,CUST-003670,PROP-00209,AGT-0017,2024-08-28,4151000.0,157343.99
SALE-00641,LEAD-002942,CUST-002942,PROP-00503,AGT-0009,2025-08-29,3085000.0,135457.7
SALE-00642,LEAD-000672,CUST-000672,PROP-00491,AGT-0009,2024-12-13,823000.0,27682.13
SALE-00643,LEAD-002983,CUST-002983,PROP-00556,AGT-0018,2026-01-14,539000.0,18968.19
SALE-00644,LEAD-000217,CUST-000217,PROP-00161,AGT-0001,2025-03-17,3004000.0,63074.03
SALE-00645,LEAD-000479,CUST-000479,PROP-00582,AGT-0044,2026-05-06,6413000.0,289888.35
SALE-00646,LEAD-000844,CUST-000844,PROP-00001,AGT-0024,2025-12-09,5372000.0,185054.14
SALE-00647,LEAD-004514,CUST-004514,PROP-00011,AGT-0033,2025-11-29,3006000.0,79970.58
SALE-00648,LEAD-004360,CUST-004360,PROP-00412,AGT-0034,2024-10-01,9053000.0,259646.86
SALE-00649,LEAD-004229,CUST-004229,PROP-00418,AGT-0031,2026-03-06,2364000.0,61404.05
SALE-00650,LEAD-001646,CUST-001646,PROP-00248,AGT-0006,2025-05-07,1672000.0,53095.34
SALE-00651,LEAD-000510,CUST-000510,PROP-00179,AGT-0036,2025-04-07,2239000.0,85391.33
SALE-00652,LEAD-000757,CUST-000757,PROP-00316,AGT-0027,2025-02-03,1856000.0,58069.49
SALE-00653,LEAD-001999,CUST-001999,PROP-00421,AGT-0016,2026-06-16,9215000.0,273936.79
SALE-00654,LEAD-000983,CUST-000983,PROP-00543,AGT-0014,2026-02-20,1585000.0,44110.06
SALE-00655,LEAD-000062,CUST-000062,PROP-00225,AGT-0024,2026-04-03,8983000.0,327395.43
SALE-00656,LEAD-003455,CUST-003455,PROP-00272,AGT-0024,2024-05-31,6900000.0,260404.16
SALE-00657,LEAD-004734,CUST-004734,PROP-00168,AGT-0042,2024-11-07,2202000.0,60072.57
SALE-00658,LEAD-003389,CUST-003389,PROP-00330,AGT-0021,2024-06-08,1152000.0,53593.55
SALE-00659,LEAD-003030,CUST-003030,PROP-00428,AGT-0024,2026-05-25,1696000.0,39155.22
SALE-00660,LEAD-004652,CUST-004652,PROP-00256,AGT-0010,2025-04-25,7897000.0,338472.88
SALE-00661,LEAD-003408,CUST-003408,PROP-00256,AGT-0042,2024-06-30,7938000.0,289756.18
SALE-00662,LEAD-001851,CUST-001851,PROP-00339,AGT-0025,2025-12-08,812000.0,39638.53
SALE-00663,LEAD-001986,CUST-001986,PROP-00527,AGT-0032,2026-03-02,4396000.0,105426.2
SALE-00664,LEAD-000262,CUST-000262,PROP-00487,AGT-0017,2026-03-26,2972000.0,106417.38
SALE-00665,LEAD-002132,CUST-002132,PROP-00349,AGT-0033,2025-12-02,1571000.0,78544.41
SALE-00666,LEAD-003132,CUST-003132,PROP-00503,AGT-0004,2025-01-08,3227000.0,102506.82
SALE-00667,LEAD-004724,CUST-004724,PROP-00002,AGT-0042,2026-02-04,2759000.0,67079.08
SALE-00668,LEAD-002097,CUST-002097,PROP-00186,AGT-0010,2024-03-19,2316000.0,100378.46
SALE-00669,LEAD-000210,CUST-000210,PROP-00413,AGT-0035,2024-04-20,5409000.0,261841.87
SALE-00670,LEAD-002443,CUST-002443,PROP-00530,AGT-0031,2024-07-02,5916000.0,181193.64
SALE-00671,LEAD-001634,CUST-001634,PROP-00455,AGT-0044,2026-01-05,2462000.0,120987.1
SALE-00672,LEAD-000598,CUST-000598,PROP-00399,AGT-0005,2025-09-27,1772000.0,66746.93
SALE-00673,LEAD-001657,CUST-001657,PROP-00540,AGT-0022,2026-02-05,2768000.0,120085.97
SALE-00674,LEAD-004285,CUST-004285,PROP-00412,AGT-0002,2026-05-10,9287000.0,195844.52
SALE-00675,LEAD-002518,CUST-002518,PROP-00040,AGT-0002,2025-12-08,1876000.0,44353.24
SALE-00676,LEAD-003858,CUST-003858,PROP-00275,AGT-0037,2024-05-29,1798000.0,57071.95
SALE-00677,LEAD-001370,CUST-001370,PROP-00184,AGT-0030,2025-11-24,820000.0,16913.07
SALE-00678,LEAD-003596,CUST-003596,PROP-00160,AGT-0043,2026-06-23,1723000.0,67666.84
SALE-00679,LEAD-002354,CUST-002354,PROP-00465,AGT-0022,2026-05-10,1846000.0,72724.09
SALE-00680,LEAD-001572,CUST-001572,PROP-00044,AGT-0022,2026-04-25,2104000.0,102447.78
SALE-00681,LEAD-001738,CUST-001738,PROP-00267,AGT-0012,2025-07-15,3013000.0,111019.42
SALE-00682,LEAD-000619,CUST-000619,PROP-00476,AGT-0021,2024-08-16,2185000.0,105824.7
SALE-00683,LEAD-002848,CUST-002848,PROP-00325,AGT-0025,2024-07-01,1854000.0,51166.62
SALE-00684,LEAD-000868,CUST-000868,PROP-00200,AGT-0016,2025-04-10,6538000.0,217458.24
SALE-00685,LEAD-003823,CUST-003823,PROP-00332,AGT-0021,2024-09-04,1611000.0,71357.05
SALE-00686,LEAD-002809,CUST-002809,PROP-00111,AGT-0032,2024-06-23,2778000.0,96742.7
SALE-00687,LEAD-002280,CUST-002280,PROP-00362,AGT-0030,2024-06-11,777000.0,34995.24
SALE-00688,LEAD-003752,CUST-003752,PROP-00510,AGT-0003,2025-12-16,2137000.0,81462.74
SALE-00689,LEAD-004358,CUST-004358,PROP-00427,AGT-0045,2026-02-11,5030000.0,237631.21
SALE-00690,LEAD-000643,CUST-000643,PROP-00308,AGT-0027,2025-09-19,900000.0,24467.67
SALE-00691,LEAD-001518,CUST-001518,PROP-00160,AGT-0013,2025-11-11,1775000.0,85159.25
SALE-00692,LEAD-001918,CUST-001918,PROP-00435,AGT-0008,2026-03-12,720000.0,29059.61
SALE-00693,LEAD-000273,CUST-000273,PROP-00023,AGT-0037,2025-04-26,2248000.0,50995.03
SALE-00694,LEAD-002469,CUST-002469,PROP-00099,AGT-0001,2026-01-01,1944000.0,42669.76
SALE-00695,LEAD-004725,CUST-004725,PROP-00251,AGT-0042,2025-08-10,584000.0,28325.92
SALE-00696,LEAD-004892,CUST-004892,PROP-00586,AGT-0001,2025-09-23,5692000.0,210863.88
SALE-00697,LEAD-004509,CUST-004509,PROP-00237,AGT-0039,2025-04-12,1489000.0,37836.01
SALE-00698,LEAD-000549,CUST-000549,PROP-00270,AGT-0015,2024-12-11,10481000.0,453247.33
SALE-00699,LEAD-003013,CUST-003013,PROP-00514,AGT-0039,2026-03-29,679000.0,16630.83
SALE-00700,LEAD-001260,CUST-001260,PROP-00582,AGT-0030,2025-11-17,6287000.0,312720.17
SALE-00701,LEAD-000810,CUST-000810,PROP-00285,AGT-0002,2024-08-10,5501000.0,156667.56
SALE-00702,LEAD-001050,CUST-001050,PROP-00599,AGT-0003,2024-07-21,673000.0,33589.42
SALE-00703,LEAD-000108,CUST-000108,PROP-00292,AGT-0015,2026-05-22,2756000.0,122479.22
SALE-00704,LEAD-004471,CUST-004471,PROP-00332,,2025-08-01,1596000.0,52334.17
SALE-00705,LEAD-002473,CUST-002473,PROP-00184,AGT-0008,2025-04-18,838000.0,27968.28
SALE-00706,LEAD-001861,CUST-001861,PROP-00440,AGT-0008,2024-11-20,9917000.0,441094.35
SALE-00707,LEAD-002673,CUST-002673,PROP-00442,AGT-0044,2026-06-19,2338000.0,99841.8
SALE-00708,LEAD-001485,CUST-001485,PROP-00105,AGT-0039,2024-05-07,1355000.0,51268.15
SALE-00709,LEAD-003974,CUST-003974,PROP-00575,AGT-0025,2025-06-19,2062000.0,67281.88
SALE-00710,LEAD-001481,CUST-001481,PROP-00534,AGT-0045,2025-08-17,1728000.0,35861.78
SALE-00711,LEAD-000544,CUST-000544,PROP-00388,AGT-0024,2025-02-06,3127000.0,140673.45
SALE-00712,LEAD-003995,CUST-003995,PROP-00382,AGT-0029,2025-10-28,3105000.0,105830.47
SALE-00713,LEAD-003762,CUST-003762,PROP-00488,AGT-0014,2024-09-05,2510000.0,63349.79
SALE-00714,LEAD-003011,CUST-003011,PROP-00062,AGT-0010,2026-01-31,600000.0,26744.94
SALE-00715,LEAD-001393,CUST-001393,PROP-00308,AGT-0010,2025-06-11,871000.0,25056.07
SALE-00716,LEAD-003368,CUST-003368,PROP-00299,AGT-0016,2025-09-03,1232000.0,44509.13
SALE-00717,LEAD-004295,CUST-004295,PROP-00157,AGT-0010,2024-07-11,593000.0,17991.43
SALE-00718,LEAD-004438,CUST-004438,PROP-00395,AGT-0024,2025-01-04,1828000.0,67565.4
SALE-00719,LEAD-000484,CUST-000484,PROP-00062,AGT-0037,2025-12-20,619000.0,16025.66
SALE-00720,LEAD-003070,CUST-003070,PROP-00189,AGT-0006,2024-11-20,766000.0,27437.69
SALE-00721,LEAD-004838,CUST-004838,PROP-00533,AGT-0011,2026-05-28,2079000.0,52416.49
SALE-00722,LEAD-002592,CUST-002592,PROP-00266,AGT-0022,2025-01-19,4776000.0,174347.59
SALE-00723,LEAD-002711,CUST-002711,PROP-00378,AGT-0003,2024-09-08,2263000.0,45522.53
SALE-00724,LEAD-000561,CUST-000561,PROP-00251,AGT-0044,2025-12-08,560000.0,23154.79
SALE-00725,LEAD-004209,CUST-004209,PROP-00075,AGT-0001,2024-11-29,4607000.0,162916.36
SALE-00726,LEAD-003380,CUST-003380,PROP-00585,AGT-0032,2026-05-08,455000.0,14588.18
SALE-00727,LEAD-003194,CUST-003194,PROP-00110,AGT-0023,2025-05-09,1609000.0,71497.02
SALE-00728,LEAD-001447,CUST-001447,PROP-00294,AGT-0012,2024-09-17,1329000.0,60690.37
SALE-00729,LEAD-001625,CUST-001625,PROP-00425,AGT-0017,2025-03-30,1564000.0,56118.49
SALE-00730,LEAD-001774,CUST-001774,PROP-00233,AGT-0045,2025-02-15,2363000.0,109299.63
SALE-00731,LEAD-001094,CUST-001094,PROP-00105,AGT-0003,2025-11-12,1373000.0,67166.07
SALE-00732,LEAD-003885,CUST-003885,PROP-00083,AGT-0038,2026-06-22,5132000.0,130201.93
SALE-00733,LEAD-003103,CUST-003103,PROP-00403,AGT-0013,2025-11-03,1400000.0,33089.96
SALE-00734,LEAD-001935,CUST-001935,PROP-00172,AGT-0017,2024-02-22,813000.0,27286.09
SALE-00735,LEAD-001965,CUST-001965,PROP-00445,AGT-0040,2026-03-18,1458000.0,40096.43
SALE-00736,LEAD-001025,CUST-001025,PROP-00012,AGT-0038,2025-12-15,1426000.0,37799.13
SALE-00737,LEAD-003971,CUST-003971,PROP-00104,AGT-0045,2024-02-29,796000.0,33845.59
SALE-00738,LEAD-001888,CUST-001888,PROP-00272,AGT-0023,2024-07-09,6627000.0,312563.59
SALE-00739,LEAD-004898,CUST-004898,PROP-00288,AGT-0028,2024-11-07,1398000.0,33108.39
SALE-00740,LEAD-002345,CUST-002345,PROP-00158,AGT-0009,2024-10-17,2837000.0,90124.22
SALE-00741,LEAD-004709,CUST-004709,PROP-00080,AGT-0028,2024-10-14,574000.0,13103.87
SALE-00742,LEAD-003125,CUST-003125,PROP-00164,AGT-0036,2025-07-01,1657000.0,81872.27
SALE-00743,LEAD-004246,CUST-004246,PROP-00358,AGT-0043,2025-09-28,2436000.0,59741.4
SALE-00744,LEAD-001358,CUST-001358,PROP-00322,AGT-0026,2025-09-04,2636000.0,105402.29
SALE-00745,LEAD-004535,CUST-004535,PROP-00362,AGT-0020,2026-03-02,779000.0,25793.17
SALE-00746,LEAD-004806,CUST-004806,PROP-00551,AGT-0025,2025-11-22,1785000.0,55765.18
SALE-00747,LEAD-004173,CUST-004173,PROP-00101,AGT-0044,2024-08-11,1877000.0,37914.61
SALE-00748,LEAD-001205,CUST-001205,PROP-00257,AGT-0035,2026-01-16,483000.0,17768.06
SALE-00749,LEAD-001614,CUST-001614,PROP-00058,AGT-0020,2025-09-25,2585000.0,81697.88
SALE-00750,LEAD-002834,CUST-002834,PROP-00029,AGT-0039,2024-12-18,2907000.0,61807.84
SALE-00751,LEAD-003292,CUST-003292,PROP-00444,AGT-0027,2024-09-27,1434000.0,39091.1
SALE-00752,LEAD-003377,CUST-003377,PROP-00363,AGT-0025,2025-12-11,5627000.0,152048.17
SALE-00753,LEAD-001541,CUST-001541,PROP-00512,AGT-0029,2024-06-08,5690000.0,141327.78
SALE-00754,LEAD-003459,CUST-003459,PROP-00519,AGT-0045,2025-10-29,805000.0,36329.97
SALE-00755,LEAD-000249,CUST-000249,PROP-00592,AGT-0027,2024-10-02,1204000.0,46819.36
SALE-00756,LEAD-003986,CUST-003986,PROP-00157,AGT-0041,2025-12-20,592000.0,17024.22
SALE-00757,LEAD-002561,CUST-002561,PROP-00051,AGT-0014,2025-02-14,456000.0,10902.79
SALE-00758,LEAD-002724,CUST-002724,PROP-00279,AGT-0014,2024-07-21,763000.0,19390.41
SALE-00759,LEAD-003406,CUST-003406,PROP-00397,AGT-0014,2024-03-30,1300000.0,58470.42
SALE-00760,LEAD-004795,CUST-004795,PROP-00416,AGT-0002,2025-12-13,673000.0,22962.78
SALE-00761,LEAD-003906,CUST-003906,PROP-00334,AGT-0006,2026-03-19,5704000.0,247642.55
SALE-00762,LEAD-000635,CUST-000635,PROP-00532,AGT-0044,2025-10-05,1451000.0,63602.92
SALE-00763,LEAD-000797,CUST-000797,PROP-00563,AGT-0014,2026-06-28,8755000.0,417153.31
SALE-00764,LEAD-004271,CUST-004271,PROP-00326,AGT-0018,2026-04-28,5414000.0,209444.86
SALE-00765,LEAD-003432,CUST-003432,PROP-00590,AGT-0036,2024-09-11,768000.0,16552.19
SALE-00766,LEAD-001401,CUST-001401,PROP-00402,AGT-0021,2025-09-29,2337000.0,92067.04
SALE-00767,LEAD-003980,CUST-003980,PROP-00210,AGT-0018,2024-05-07,3070000.0,141192.47
SALE-00768,LEAD-003246,CUST-003246,PROP-00110,AGT-0009,2025-03-06,1658000.0,43714.56
SALE-00769,LEAD-001143,CUST-001143,PROP-00565,AGT-0038,2024-12-08,3456000.0,143379.8
SALE-00770,LEAD-003765,CUST-003765,PROP-00460,AGT-0031,2025-01-20,3396000.0,169134.93
SALE-00771,LEAD-002891,CUST-002891,PROP-00513,AGT-0034,2025-06-23,7502000.0,219317.4
SALE-00772,LEAD-001563,CUST-001563,PROP-00017,AGT-0035,2025-11-26,2153000.0,97621.06
SALE-00773,LEAD-000425,CUST-000425,PROP-00591,AGT-0033,2025-04-25,2230000.0,99852.24
SALE-00774,LEAD-004824,CUST-004824,PROP-00423,AGT-0036,2025-10-17,2500000.0,114825.55
SALE-00775,LEAD-004976,CUST-004976,PROP-00537,AGT-0043,2024-12-31,577000.0,17568.08
SALE-00776,LEAD-001811,CUST-001811,PROP-00204,AGT-0023,2024-12-29,1476000.0,49832.6
SALE-00777,LEAD-002898,CUST-002898,PROP-00310,AGT-0036,2025-12-22,612000.0,13170.39
SALE-00778,LEAD-003756,CUST-003756,PROP-00072,AGT-0035,2026-05-11,839000.0,39255.61
SALE-00779,LEAD-002151,CUST-002151,PROP-00574,AGT-0009,2026-04-09,1538000.0,35567.71
SALE-00780,LEAD-001670,CUST-001670,PROP-00507,AGT-0004,2025-03-29,2232000.0,76751.59
SALE-00781,LEAD-001971,CUST-001971,PROP-00300,AGT-0016,2025-06-26,1806000.0,86346.25
SALE-00782,LEAD-002710,CUST-002710,PROP-00365,AGT-0038,2025-09-10,3119000.0,84738.88
SALE-00783,LEAD-001744,CUST-001744,PROP-00351,AGT-0025,2024-12-09,1015000.0,32825.54
SALE-00784,LEAD-003949,CUST-003949,PROP-00537,AGT-0022,2025-02-22,572000.0,22833.79
SALE-00785,LEAD-000764,CUST-000764,PROP-00598,AGT-0027,2025-11-26,2351000.0,116900.96
SALE-00786,LEAD-001949,CUST-001949,PROP-00418,AGT-0043,2024-12-16,2264000.0,56372.14
SALE-00787,LEAD-000012,CUST-000012,PROP-00237,AGT-0032,2024-12-14,1523000.0,59595.98
SALE-00788,LEAD-003283,CUST-003283,PROP-00593,AGT-0015,2026-03-13,1913000.0,61389.51
SALE-00789,LEAD-001665,CUST-001665,PROP-00138,AGT-0028,2024-05-30,2351000.0,79474.53
SALE-00790,LEAD-001007,CUST-001007,PROP-00024,AGT-0038,2024-12-15,1628000.0,34533.61
SALE-00791,LEAD-001994,CUST-001994,PROP-00554,AGT-0004,2025-10-29,1251000.0,34597.59
SALE-00792,LEAD-002232,CUST-002232,PROP-00086,AGT-0012,2025-08-04,1898000.0,65911.35
SALE-00793,LEAD-000291,CUST-000291,PROP-00577,AGT-0012,2024-05-23,2052000.0,76228.51
SALE-00794,LEAD-002678,CUST-002678,PROP-00154,AGT-0035,2026-04-11,6180000.0,208750.85
SALE-00795,LEAD-003884,CUST-003884,PROP-00131,AGT-0041,2025-06-15,11041000.0,316512.58
SALE-00796,LEAD-001723,CUST-001723,PROP-00526,AGT-0005,2024-12-09,815000.0,31975.27
SALE-00797,LEAD-003950,CUST-003950,PROP-00214,AGT-0039,2025-07-01,1281000.0,28364.47
SALE-00798,LEAD-001463,CUST-001463,PROP-00355,AGT-0010,2024-11-06,1282000.0,29227.11
SALE-00799,LEAD-002149,CUST-002149,PROP-00337,AGT-0018,2025-10-01,5712000.0,196104.69
SALE-00800,LEAD-003794,CUST-003794,PROP-00583,AGT-0015,2025-01-31,693000.0,31060.15
SALE-00801,LEAD-003639,CUST-003639,PROP-00076,AGT-0002,2024-05-13,691000.0,28604.06
SALE-00802,LEAD-002309,CUST-002309,PROP-00188,AGT-0044,2024-10-21,5126000.0,233119.05
SALE-00803,LEAD-002045,CUST-002045,PROP-00342,AGT-0006,2024-07-08,1975000.0,97336.9
SALE-00804,LEAD-004406,CUST-004406,PROP-00032,AGT-0032,2024-03-19,1682000.0,55137.72
SALE-00805,LEAD-002156,CUST-002156,PROP-00502,AGT-0004,2025-07-09,725000.0,23497.82
SALE-00806,LEAD-001440,CUST-001440,PROP-00135,AGT-0043,2024-08-21,3388000.0,98320.25
SALE-00807,LEAD-003117,CUST-003117,PROP-00436,AGT-0017,2025-03-17,4994000.0,209431.27
SALE-00808,LEAD-002872,CUST-002872,PROP-00304,AGT-0012,2026-05-23,1556000.0,74778.74
SALE-00809,LEAD-002779,CUST-002779,PROP-00491,AGT-0035,2024-11-15,821000.0,39800.37
SALE-00810,LEAD-002584,CUST-002584,PROP-00107,AGT-0045,2026-04-11,2552000.0,52675.4
SALE-00811,LEAD-003258,CUST-003258,PROP-00120,AGT-0002,2026-05-09,3122000.0,98264.25
SALE-00812,LEAD-001221,CUST-001221,PROP-00096,AGT-0011,2024-10-21,1630000.0,61682.87
SALE-00813,LEAD-004272,CUST-004272,PROP-00538,AGT-0030,2024-09-25,838000.0,28221.38
